Price,Close,High,Low,Open,Volume,MA10,MA50,Daily_Return,Target
Ticker,AAPL,AAPL,AAPL,AAPL,AAPL,,,,
Date,,,,,,,,,
2020-03-13,67.16474914550781,67.63592258199654,61.11926832671573,64.00428573904365,370732000,68.28251953125,73.8013249206543,0.1198081902771988,58.524208068847656
2020-03-16,58.524208068847656,62.60043194062402,57.99021323308223,58.46138297821733,322423600,66.9149169921875,73.523798828125,-0.1286469641677812,61.0975227355957
2020-03-17,61.0975227355957,62.245242026979696,57.60361074150865,59.80482274842446,324056000,66.03394813537598,73.31181648254395,0.043970089500755094,59.601871490478516
2020-03-18,59.601871490478516,60.40648633083556,57.294342975256725,57.93465394251518,300233600,64.67915267944336,73.05849563598633,-0.024479736299452548,59.14519119262695
2020-03-19,59.14519119262695,61.09269547807698,58.62086339938416,59.775834978401704,271857200,63.515964889526366,72.80283821105957,-0.0076621805059345904,55.39032745361328
2020-03-20,55.39032745361328,60.848656123776394,55.09070998430256,59.72509337905043,401693200,62.0712833404541,72.44894264221192,-0.06348552880291902,54.2136116027832
2020-03-23,54.2136116027832,55.21152792629808,51.37209184292637,55.110045472758834,336752800,61.06128463745117,72.04046463012695,-0.021244067419812995,59.65260696411133
2020-03-24,59.65260696411133,59.84832336499044,56.61295251663222,57.11070131069981,287531200,60.131991958618165,71.73739219665528,0.10032527257506851,59.32399368286133
2020-03-25,59.32399368286133,62.399890444761496,59.02920978154729,60.587696143364745,303602000,59.409288024902345,71.39578353881836,-0.005508783236375603,62.445804595947266
2020-03-26,62.445804595947266,62.503792458271775,59.52696298189895,59.565624014727966,252087200,59.655988693237305,71.1372452545166,0.052623074059624964,59.86039733886719
2020-03-27,59.86039733886719,61.82481325258339,59.69367489036661,61.0709416804956,204216800,58.925553512573245,70.8334593963623,-0.041402417244982836,61.568702697753906
2020-03-30,61.568702697753906,61.74025873047765,60.26150553022684,60.585287078823825,167976400,59.23000297546387,70.54503715515136,0.02853815602352383,61.44305419921875
2020-03-31,61.44305419921875,63.424386025978244,60.88973245903772,61.75958725464871,197002000,59.264556121826175,70.23727653503418,-0.0020407852208934596,58.21010971069336
2020-04-01,58.21010971069336,60.097207829556126,57.7800158056968,59.560797914440066,176218400,59.125379943847655,69.87527053833008,-0.05261692359958403,59.18143081665039
2020-04-02,59.18143081665039,59.234588810411715,57.24117510511811,58.072368803656616,165934000,59.12900390625,69.52724296569824,0.01668646753604386,58.330909729003906
2020-04-03,58.330909729003906,59.36748322353769,57.7413419398106,58.66676958439928,129880000,59.42306213378906,69.15482887268067,-0.014371418127444024,63.419551849365234
2020-04-06,63.419551849365234,63.57418859482583,60.25666962435699,60.62393834693367,201820400,60.34365615844727,68.888623046875,0.08723748942031495,62.68500518798828
2020-04-07,62.68500518798828,65.64975968703479,62.58110782117214,65.43229047893388,202887200,60.64689598083496,68.6528515625,-0.011582337622341732,64.28941345214844
2020-04-08,64.28941345214844,64.60352421399418,63.1199448269442,63.484794969799864,168895200,61.14343795776367,68.40703231811523,0.025594769584027954,64.7533187866211
2020-04-09,64.7533187866211,65.25590475851683,63.95837493137018,64.92487847473,161834800,61.374189376831055,68.13843063354493,0.007215889981916579,66.0242691040039
2020-04-13,66.0242691040039,66.1330036952468,64.23140190068074,64.83063671400997,131022800,61.990576553344724,67.89751373291016,0.019627570311429476,69.35871887207031
2020-04-14,69.35871887207031,69.64867293181604,67.1840855454915,67.6552590491188,194994800,62.76957817077637,67.79251647949219,0.050503395392591965,68.72566986083984
2020-04-15,68.72566986083984,69.18475770892147,67.8074941646766,68.23516945822269,131154400,63.497839736938474,67.67895614624024,-0.009127172784118232,69.271728515625
2020-04-16,69.271728515625,69.63658597716727,68.22307301485074,69.43845097329417,157125200,64.60400161743163,67.5271907043457,0.007945483192682623,68.331787109375
2020-04-17,68.331787109375,69.33454028123167,66.89652897721241,68.78846350317025,215250000,65.5190372467041,67.34409149169922,-0.013568903597345416,66.91346740722656
2020-04-20,66.91346740722656,68.06119058127958,66.89414057720502,67.15993057649021,130015200,66.37729301452637,67.11449829101562,-0.02075636774841272,64.84514617919922
2020-04-21,64.84514617919922,66.99078550242736,64.13476539316186,66.75640806793423,180991600,66.51985244750976,66.8648503112793,-0.03091038782133071,66.71289825439453
2020-04-22,66.71289825439453,67.14782183221747,65.77055891988769,66.11124487734209,116862400,66.92264175415039,66.64521209716797,0.028803267248928455,66.45439147949219
2020-04-23,66.45439147949219,68.07811832327417,66.41573043870696,66.657356413235,124814400,67.13913955688477,66.4297785949707,-0.003874914471809987,68.37288665771484
2020-04-24,68.37288665771484,68.3825537591584,66.93037962499518,66.9787077583751,126161200,67.50109634399413,66.21603607177734,0.02886935137784996,68.42121887207031
2020-04-27,68.42121887207031,68.7522452213369,67.64318307081028,68.09018514896542,117087600,67.74079132080078,66.01452056884766,0.000706891528471365,67.3121337890625
2020-04-28,67.3121337890625,69.06392140300909,67.22032214952667,68.88270199466979,112004800,67.5361328125,65.79043640136719,-0.016209665675227303,69.52302551269531
2020-04-29,69.52302551269531,69.99178036647727,68.59518290617446,68.79814778505363,137280800,67.61586837768554,65.63932342529297,0.03284536678871497,70.98967742919922
2020-04-30,70.98967742919922,71.16606696831562,69.67282086621682,70.06183497622997,183064000,67.78766326904297,65.49521713256836,0.021095916147033655,69.84680938720703
2020-05-01,69.84680938720703,72.24615310349837,69.06877359729275,69.16542249456992,240616800,67.93916549682618,65.34429748535156,-0.016099073603088487,70.83505249023438
2020-05-04,70.83505249023438,70.96311392727311,69.1823321546666,69.87096747127923,133568000,68.33132400512696,65.2481787109375,0.014148722206462683,71.89820098876953
2020-05-05,71.89820098876953,72.72939466051092,71.1491592367676,71.2941362490643,147751200,69.03662948608398,65.24518249511719,0.01500879100332031,72.64000701904297
2020-05-06,72.64000701904297,73.27064717863384,72.21474300795924,72.59892736503848,142333600,69.62934036254883,65.30583084106445,0.010317449116554522,73.39143371582031
2020-05-07,73.39143371582031,73.73696428730197,72.96375861359095,73.26579092772248,115215200,70.32304458618164,65.35942276000976,0.01034452951774023,75.1383056640625
2020-05-08,75.1383056640625,75.19160756554702,73.72339119914562,74.05047071308249,133838400,70.99958648681641,65.54039825439453,0.0238021232151735,76.32061767578125
2020-05-11,76.32061767578125,76.81486350373997,74.4380975285037,74.64646215282984,145946400,71.7895263671875,65.74579345703125,0.015735143363556414,75.44842529296875
2020-05-12,75.44842529296875,77.45450365262057,75.32728527754581,77.00385895047138,162301200,72.60315551757813,65.81075729370117,-0.01142800476953254,74.53744506835938
2020-05-13,74.53744506835938,76.54837362731435,73.46172121123148,75.62770513487014,200622400,73.10459747314454,65.90336196899415,-0.01207421123863095,74.99535369873047
2020-05-14,74.99535369873047,75.05592369907653,73.05468852162736,73.77668558751988,158929200,73.50516510009766,65.94027252197266,0.006143336814820266,74.55195617675781
2020-05-15,74.55195617675781,74.59798995557082,72.73485667770787,72.76877941737926,166348400,73.97567977905274,66.01577026367187,-0.005912333232720779,76.30850982666016
2020-05-18,76.30850982666016,76.68162311206635,75.18433442581173,75.8748339325949,135178400,74.52302551269531,66.14519760131836,0.023561469611041108,75.8675765991211
2020-05-19,75.8675765991211,77.17103702628488,75.83607901036319,76.32548203793918,101729600,74.91996307373047,66.37627716064453,-0.005778296923117376,77.34302520751953
2020-05-20,77.34302520751953,77.41328106413269,76.68644126951045,76.72520694581257,111504800,75.39026489257813,66.5442269897461,0.019447683378561065,76.76639556884766
2020-05-21,76.76639556884766,77.74520853424706,76.52895858103298,77.204921640759,102688800,75.72776107788086,66.74853424072266,-0.007455483375840455,77.26068115234375
2020-05-22,77.26068115234375,77.3430554740474,76.40300778879455,76.5047612593345,81803200,75.93999862670898,67.09417190551758,0.0064388275603326495,76.73734283447266
2020-05-26,76.73734283447266,78.55686050645615,76.68161577577496,78.37757568234818,125522000,75.98167114257812,67.28562377929687,-0.00677366947929392,77.0716781616211
2020-05-27,77.0716781616211,77.21704762323688,75.85543536682479,76.59439371595593,112945200,76.14399642944336,67.65657318115234,0.004356879125585911,77.1056137084961
2020-05-28,77.1056137084961,78.36304756047794,76.47084126097369,76.74703662948228,133560800,76.40081329345703,67.97673500061035,0.0004403115085134246,77.03052520751953
2020-05-29,77.03052520751953,77.80824215347661,76.67437321275025,77.34791150425532,153532400,76.60433044433594,68.32530807495117,-0.0009738396125142934,77.97781372070312
2020-06-01,77.97781372070312,78.09895371175787,76.85363105469186,76.9844643152945,80791200,76.94691619873046,68.70196052551269,0.012297573080692459,78.33880615234375
2020-06-02,78.33880615234375,78.36303562857958,77.27035057638682,77.71130190496551,87642800,77.14994583129882,69.1609300994873,0.004629424889156297,78.77007293701172
2020-06-03,78.77007293701172,79.03173947926652,78.08684155798949,78.65862620653965,104491200,77.4401954650879,69.65205932617188,0.005505148799808124,78.0916748046875
2020-06-04,78.0916748046875,78.89119567752222,77.71856161359257,78.5931960727843,87560400,77.51506042480469,70.0208406829834,-0.008612384209250368,80.31581115722656
2020-06-05,80.31581115722656,80.3763811505578,78.31215843959637,78.34123085338769,137250400,77.87000198364258,70.4406770324707,0.028481094279278585,80.79067993164062
2020-06-08,80.79067993164062,80.82460267780965,79.30308470158906,80.01296326734492,95654400,78.22300186157227,70.80757453918457,0.005912519186097143,83.3418960571289
2020-06-09,83.3418960571289,83.7343884798814,80.43938634656227,80.47088393003234,147712400,78.88345718383789,71.2772045135498,0.031578099449675934,85.4860610961914
2020-06-10,85.4860610961914,85.95365964938672,83.85067134903046,84.28919748972832,166651600,79.72489547729492,71.75555168151855,0.02572733691578999,81.38185119628906
2020-06-11,81.38185119628906,85.05481691401155,81.28009773597238,84.63082691049463,201662400,80.15251922607422,72.15432762145996,-0.048010281995378934,82.08443450927734
2020-06-12,82.08443450927734,84.26495380444017,80.97479572123159,83.51873489892154,200146000,80.65791015625,72.63181411743165,0.008633169467891388,83.09960174560547
2020-06-15,83.09960174560547,83.75133543445982,80.57746645559173,80.73979728329574,138808800,81.17008895874024,73.11017753601074,0.012367353718120366,85.30191802978516
2020-06-16,85.30191802978516,85.57327777339962,83.5187412202435,85.15170564997885,165428800,81.86640014648438,73.64959770202637,0.026502128023689897,85.1832275390625
2020-06-17,85.1832275390625,86.10631378252053,85.06208753447432,86.04574378022643,114406400,82.50771560668946,74.08487121582031,-0.001391416435457038,85.21714782714844
2020-06-18,85.21714782714844,85.6338697266432,84.60902265567091,85.13961645194037,96820400,83.22026290893555,74.53551406860352,0.0003982038373737673,84.73017883300781
2020-06-19,84.73017883300781,86.38737347701915,83.6229572371665,85.92219992455999,264476000,83.66169967651368,74.94432937622071,-0.00571444840102342,86.94702911376953
2020-06-22,86.94702911376953,87.08997343752344,85.07662707395669,85.12266086900618,135445200,84.27733459472657,75.38820358276367,0.026163644539578312,88.8028793334961
2020-06-23,88.8028793334961,90.22021867227018,87.77076426941889,88.18991128978877,212155600,84.82343292236328,75.84377578735352,0.021344607615036537,87.23532104492188
2020-06-24,87.23532104492188,89.35042773903359,86.86220783951416,88.43218462838242,192623200,84.99835891723633,76.20130783081055,-0.017652111061481568,88.39342498779297
2020-06-25,88.39342498779297,88.4321906709593,86.63205223537432,87.39038973838228,137522400,85.69951629638672,76.59466293334961,0.013275631120503562,85.67748260498047
2020-06-26,85.67748260498047,88.50973656249651,85.52968795154212,88.2892608623175,205256800,86.05882110595704,76.92277801513671,-0.03072561543109764,87.65204620361328
2020-06-29,87.65204620361328,87.74653893980732,85.10810654900735,85.58539837995676,130646000,86.51406555175781,77.30918319702148,0.02304647077151678,88.38372802734375
2020-06-30,88.38372802734375,88.66962400453063,87.22078715611465,87.24016629998945,140223200,86.82224655151367,77.73858840942383,0.008347572651422164,88.21658325195312
2020-07-01,88.21658325195312,89.00399339477583,88.16813167944413,88.46128846235408,110737200,87.12558212280274,78.2060171508789,-0.0018911261056889783,88.21658325195312
2020-07-02,88.21658325195312,89.75748817622227,88.10271872934692,89.12271564409322,114041600,87.4255256652832,78.63609085083007,0.0,90.57637023925781
2020-07-06,90.57637023925781,91.04396881704737,89.61209327585406,89.64359085564888,118655600,88.0101448059082,79.11853042602539,0.02674992501766882,90.29532623291016
2020-07-07,90.29532623291016,91.73204473813118,90.183879512503,90.95432807349727,112424400,88.34497451782227,79.5569792175293,-0.003102840239736726,92.3983154296875
2020-07-08,92.3983154296875,92.42981301031341,91.18449035546323,91.27171499364255,117092000,88.7045181274414,80.03652114868164,0.023290122363064825,92.7956771850586
2020-07-09,92.7956771850586,93.34322502819465,91.74902567498292,93.28992312553895,125642800,89.26055374145508,80.54619201660157,0.004300530302129513,92.95799255371094
2020-07-10,92.95799255371094,93.01614478395153,91.78051525297649,92.39105821700926,90257200,89.71701049804688,81.01489135742187,0.001749169504185577,92.5291519165039
2020-07-13,92.5291519165039,96.86838742692706,92.31594434218474,94.26145236714936,191649200,90.40217742919921,81.44568084716796,-0.00461327343056861,94.06036376953125
2020-07-14,94.06036376953125,94.25175963929699,90.97856198164641,91.91133403395911,170989200,91.04300918579102,81.92995193481445,0.016548426320918574,94.70726013183594
2020-07-15,94.70726013183594,96.18274459430761,93.51039621887803,95.9331964647362,153198000,91.67536239624023,82.40739608764649,0.006877459711826406,93.54188537597656
2020-07-16,93.54188537597656,94.39713348994569,92.94345347342261,93.58065106367306,110577600,92.20789260864258,82.84026977539062,-0.012305020272333156,93.3529052734375
2020-07-17,93.3529052734375,94.14758336972574,92.8804563206502,93.99252801605422,92186800,92.72152481079101,83.25452774047852,-0.0020202725418617673,95.32022094726562
2020-07-20,95.32022094726562,95.45832232514117,93.09609226760277,93.44013312925429,90318000,93.1959098815918,83.69310348510743,0.02107396302306519,94.00464630126953
2020-07-21,94.00464630126953,96.185166447433,93.75509818029391,96.11006023390243,103433200,93.56684188842773,84.07043029785156,-0.013801632360083582,94.26873779296875
2020-07-22,94.26873779296875,94.94954409881868,93.61942907463074,93.70664633807918,89001600,93.75388412475586,84.42939270019531,0.0028093450918675877,89.97794342041016
2020-07-23,89.97794342041016,94.0797418561393,89.16872914510222,94.00221048521436,197004400,93.47211074829102,84.71998306274413,-0.04551662059994854,89.75505065917969
2020-07-24,89.75505065917969,90.09909152751315,86.39220292894763,88.177812817912,185438800,93.1518165588379,85.02433517456055,-0.0024771933293588067,91.88226318359375
2020-07-27,91.88226318359375,91.97433076494785,90.59333922603253,90.81623268150157,121214000,93.08712768554688,85.36207336425781,0.023700198582601972,90.37286376953125
2020-07-28,90.37286376953125,91.63029754160469,90.36801343757494,91.45343048257014,103625600,92.71837768554687,85.67849151611328,-0.016427538479831583,92.10515594482422
2020-07-29,92.10515594482422,92.28929109136294,90.81864987240843,90.85499038980474,90329200,92.4581672668457,85.99442443847656,0.019168277987855475,93.21965026855469
2020-07-30,93.21965026855469,93.32382888856975,90.87195660039106,91.27898520449537,158130000,92.42594375610352,86.34146591186523,0.012100238171228073,102.97869873046875
2020-07-31,102.97869873046875,103.12891115542561,97.71152622340603,99.70791855704327,374336800,93.38852310180664,86.85417938232422,0.10468874785304827,105.57350158691406
2020-08-03,105.57350158691406,108.19012242087766,104.56077304212948,104.85877268635082,308151200,94.41385116577149,87.43032150268554,0.025197471792072434,106.27855682373047
2020-08-04,106.27855682373047,107.36881693797415,105.04050204922461,105.76249918664718,173071600,95.64124221801758,88.01067901611329,0.006678335247182865,106.66376495361328
2020-08-05,106.66376495361328,106.98357631299436,105.53473931977294,105.99992015103618,121776800,96.88074493408203,88.60920745849609,0.003624514120206701,110.38519287109375
2020-08-06,110.38519287109375,110.87944616652167,106.40695920907454,106.99569786453769,202428800,98.9214698791504,89.27547775268555,0.03488933584051601,107.87550354003906
2020-08-07,107.87550354003906,110.363351174005,107.07939259345517,109.90704232526846,198045600,100.73351516723633,89.8908755493164,-0.022735742591721175,109.44344329833984
2020-08-10,109.44344329833984,110.46042737696229,106.79540187658976,109.31965534861051,212403600,102.48963317871093,90.53913391113281,0.014534715545673649,106.18861389160156
2020-08-11,106.18861389160156,109.20558233257063,105.9289051039155,108.7080157903305,187902400,104.07120819091797,91.10334991455078,-0.0297398300770354,109.71770477294922
2020-08-12,109.71770477294922,109.97498398938008,107.08422600127558,107.2783964791796,165598000,105.83246307373047,91.73092788696289,0.0332341740984603,111.65945434570312
2020-08-13,111.65945434570312,112.66187605488997,110.60848630688241,111.096349513322,210082000,107.67644348144532,92.38871551513672,0.0176976867750942,111.55995178222656
2020-08-14,111.55995178222656,111.64975583547505,109.75170820856059,111.48471014803833,165565200,108.5345687866211,93.0580810546875,-0.0008911252885805965,111.26866912841797
2020-08-17,111.26866912841797,112.70555595050736,110.64246299694389,112.68128278727484,119561600,109.10408554077148,93.67713821411132,-0.0026109965911171873,112.19584655761719
2020-08-18,112.19584655761719,112.62060097941455,110.68614768785797,111.02109807418744,105633600,109.69581451416016,94.30524154663085,0.008332780795006434,112.33663177490234
2020-08-19,112.33663177490234,113.74924556112234,112.24197605902953,112.60362178027331,145538000,110.26310119628906,94.88513626098633,0.0012548166585903964,114.829345703125
2020-08-20,114.829345703125,114.94342292138063,112.36091202603218,112.37790398361146,126907200,110.70751647949218,95.472001953125,0.02218968015008227,120.74674987792969
2020-08-21,120.74674987792969,121.22975391383697,115.77590741300223,115.78804028950229,338054800,111.99464111328125,96.25929992675782,0.05153215964587399,122.19093322753906
2020-08-24,122.19093322753906,125.03315266970756,120.32686973134855,124.94819288976294,345937600,113.26939010620117,97.06142990112305,0.011960432484264594,121.18850708007812
2020-08-25,121.18850708007812,121.53316822878249,119.4676456893335,121.06472653687041,211495600,114.76937942504883,97.8232080078125,-0.008203768651101617,122.83654022216797
2020-08-26,122.83654022216797,123.29284897570295,121.43848913169968,122.50401940268071,163022400,116.08126296997071,98.57390045166015,0.013598922717984019,121.36811828613281
2020-08-27,121.36811828613281,123.77101327398971,120.22491675397727,123.43849242247208,155552400,117.05212936401367,99.29759826660157,-0.011954276255089047,121.17152404785156
2020-08-28,121.17152404785156,122.75888676117691,120.94822130817289,122.3414135230096,187630000,118.01328659057617,100.01668579101562,-0.0016198177994138918,125.28071594238281
2020-08-31,125.28071594238281,127.1836224608346,122.32928572568825,123.8632579117057,225702700,119.41449127197265,100.82769653320312,0.03391219122496558,130.27096557617188
2020-09-01,130.27096557617188,130.87291336835037,126.72730590113318,128.89233580510103,151948100,121.22200317382813,101.69417526245117,0.039832544029235084,127.57195281982422
2020-09-02,127.57195281982422,133.96026120747115,123.30014277535787,133.5816235663219,200119000,122.74553527832032,102.46955673217774,-0.020718452069578674,117.35843658447266
2020-09-03,117.35843658447266,125.08653940539764,116.98950967695433,123.2127726268104,257599600,122.99844436645508,103.07201904296875,-0.08006082849399176,117.43611145019531
2020-09-04,117.43611145019531,120.09628586271513,107.65947772486805,116.57204011831335,332607200,122.66738052368164,103.6528727722168,0.0006618600927488227,109.53324890136719
2020-09-08,109.53324890136719,115.52349838716887,109.39732807142673,110.63032628792358,231366600,121.40161209106445,104.12998809814454,-0.06729499513597004,113.90214538574219
2020-09-09,113.90214538574219,115.66912348309229,111.90216122256825,113.84389572106855,176940500,120.67297592163087,104.6549900817871,0.039886486780914554,110.18373107910156
2020-09-10,110.18373107910156,116.98951312845449,109.22257449751976,116.85359229498353,182274400,119.40769500732422,105.09099014282226,-0.03264569156312025,108.73712921142578
2020-09-11,108.73712921142578,111.8730336076421,106.79539476122176,111.2322576836528,180860300,118.14459609985352,105.50140106201172,-0.01312899693546643,111.99925231933594
2020-09-14,111.99925231933594,112.55264638404466,109.51383440164483,111.37789783991316,140150100,117.22736892700195,105.97705444335938,0.03000008489802375,112.17401123046875
2020-09-15,112.17401123046875,115.36816560750079,110.30023700342959,114.88273194668369,184642000,115.91669845581055,106.4090072631836,0.0015603578373410976,108.86334228515625
2020-09-16,108.86334228515625,112.62060121644382,108.77596778791039,111.87303669164397,154679000,113.77593612670898,106.78036758422851,-0.029513689570309753,107.12548828125
2020-09-17,107.12548828125,108.93130194991431,105.54297733812126,106.52355532978139,178011000,111.73128967285156,107.07491104125977,-0.015963628962944454,103.72743225097656
2020-09-18,103.72743225097656,107.64973602880463,102.99928196218211,107.18372399196774,287104900,110.36818923950196,107.29354614257812,-0.031720331779044875,106.87307739257812
2020-09-21,106.87307739257812,106.97987339137704,100.09642017457678,101.49447149912258,195713800,109.31188583374023,107.57184783935547,0.03032606778494662,108.55267333984375
2020-09-22,108.55267333984375,109.5720869949024,105.97988085188311,109.3973305799532,183055400,109.2138282775879,107.89231826782226,0.015715800351626008,103.99929809570312
2020-09-23,103.99929809570312,108.84392339466623,103.65948864684648,108.36820053624751,150718700,108.22354354858399,108.0910969543457,-0.04194622853631125,105.0672607421875
2020-09-24,105.0672607421875,107.03812018263172,101.94106684060164,102.10611250444195,167743300,107.71189651489257,108.29829696655274,0.010268940906712709,109.00897216796875
2020-09-25,109.00897216796875,109.16431448128618,104.53327361353669,105.2711347875361,149981400,107.73908081054688,108.60763870239258,0.03751607682485769,111.61091613769531
2020-09-28,111.61091613769531,111.96042899652844,109.49442489570826,111.65946247086177,137672400,107.70024719238282,108.97279891967773,0.02386908084700856,110.76624298095703
2020-09-29,110.76624298095703,111.95070223231198,110.26139526105185,111.21284844222973,99382200,107.55947036743164,109.28171936035156,-0.0075680156204094295,112.4361343383789
2020-09-30,112.4361343383789,113.84389630124348,110.30994008853341,110.47498574403602,142675200,107.9167495727539,109.65034912109375,0.01507581472912256,113.38758850097656
2020-10-01,113.38758850097656,114.29049535158379,112.45555681762868,114.21282419285578,116120400,108.54295959472657,110.03272613525391,0.008462174266274936,109.7274169921875
2020-10-02,109.7274169921875,112.00896103141628,108.95072761058432,109.60120691204848,144712000,109.14295806884766,110.42771560668945,-0.03228017772648495,113.10604858398438
2020-10-05,113.10604858398438,113.25168017088336,110.24199280586862,110.5915056515741,106243800,109.76625518798828,110.89473556518554,0.03079113392450883,109.86334991455078
2020-10-06,109.86334991455078,112.73711630408881,108.97985709448719,112.32934639868184,161498200,109.89732284545899,111.25435729980468,-0.028669542522527403,111.72740936279297
2020-10-07,111.72740936279297,112.18371817362878,110.80508099423795,111.28081129884058,96849000,110.67013397216797,111.68144821166992,0.016967072728912846,111.62059783935547
2020-10-08,111.62059783935547,113.0089381653486,111.25166358040926,112.86330661087659,83477200,111.32546768188476,112.07175704956055,-0.0009560010748183023,113.5623550415039
2020-10-09,113.5623550415039,113.59147987684435,111.57207401243367,111.92158685077898,100506900,111.78080596923829,112.47861114501953,0.017396047322224772,120.7759017944336
2020-10-12,120.7759017944336,121.53317715466372,115.80505821466257,116.56233357489269,240226800,112.6973045349121,112.83455520629883,0.06352058083238354,117.57202911376953
2020-10-13,117.57202911376953,121.73705073964729,116.16427448485399,121.62054399652054,262330500,113.37788314819336,113.07452575683594,-0.02652741675336201,117.6594009399414
2020-10-14,117.6594009399414,119.44579307201987,116.13513969852242,117.47493379758126,150712000,113.90020980834962,113.30214263916015,0.0007431344583441746,117.19337463378906
2020-10-15,117.19337463378906,117.66909747078712,114.70795706091747,115.26135104884993,112559200,114.28078842163086,113.51273483276367,-0.003960808081882261,115.55261993408203
2020-10-16,115.55261993408203,118.00892036442943,115.34873869497103,117.74678205190853,115393800,114.86330871582031,113.61608337402343,-0.01400040492761756,112.6012191772461
2020-10-19,112.6012191772461,116.91186596550797,112.29054186451432,116.46526779140177,120639300,114.81282577514648,113.71059768676758,-0.02554161695788104,114.08663177490234
2020-10-20,114.08663177490234,115.51380805714416,112.26139629791038,112.81479042703165,124423700,115.23515396118164,113.80346145629883,0.013191798530334253,113.46526336669922
2020-10-21,113.46526336669922,115.25165563302974,113.05749347361974,113.27108546353527,89946000,115.40893936157227,113.94899444580078,-0.005446461154441917,112.37789154052734
2020-10-22,112.37789154052734,114.60117857735534,111.25168190141596,114.02836301066806,101988000,115.48466873168945,114.00219818115234,-0.009583301478424122,111.6885757446289
2020-10-23,111.6885757446289,113.15458745033783,110.95071451824744,112.99924512599237,82572600,115.29729080200195,114.00278060913087,-0.006133909316583419,111.69828033447266
2020-10-26,111.69828033447266,113.15458121285103,109.591492767667,110.6885775032748,111850700,114.38952865600587,114.00554718017578,8.688972689507857e-05,113.20313262939453
2020-10-27,113.20313262939453,113.86332273009963,111.20314823922772,112.12546926784462,92276800,113.95263900756837,114.04423645019531,0.013472475049890686,107.96044921875
2020-10-28,107.96044921875,112.06722147724142,107.86336396260268,111.69829454102945,143937800,112.98274383544921,113.95952850341797,-0.04631217607562221,111.96041870117188
2020-10-29,111.96041870117188,113.52351567412646,108.93131000553764,109.09636307884779,146129200,112.4594482421875,113.95200424194336,0.03705032270027986,105.68861389160156
2020-10-30,105.68861389160156,108.72742584588708,104.58182577242385,107.82451896896531,190272600,111.47304763793946,113.7691896057129,-0.05601805425817563,105.60124206542969
2020-11-02,105.60124206542969,107.45560232371076,104.19348732192323,105.93134082759394,122866900,110.7730499267578,113.46627944946289,-0.0008266910025094276,107.22257995605469
2020-11-03,107.22257995605469,108.24198610997585,105.56239787070092,106.4653046968192,107624400,110.08664474487304,113.1669123840332,0.015353397923297374,111.60118865966797
2020-11-04,111.60118865966797,112.22254311397377,109.07693526315951,110.81478854874675,138235500,109.90023727416992,112.975166015625,0.040836628865000835,115.56233215332031
2020-11-05,115.56233215332031,116.13514770518474,113.46526266207991,114.51379370413532,126387100,110.21868133544922,112.82968185424805,0.03549373928025079,115.43103790283203
2020-11-06,115.43103790283203,115.92702909027747,112.94132478624495,115.07119461202119,114457900,110.59292755126953,112.71094024658203,-0.0011361336176055614,113.12611389160156
2020-11-09,113.12611389160156,118.64042665215963,112.86353074963101,117.19134078148167,154515300,110.73571090698242,112.55003204345704,-0.019967974412312905,112.78572845458984
2020-11-10,112.78572845458984,114.36124218625869,110.99624681601809,112.37726248118744,138023400,110.69397048950195,112.30013229370117,-0.00300890241255769,116.20906829833984
2020-11-11,116.20906829833984,116.34522361614252,113.24281896631516,113.97222563450443,112295000,111.51883239746094,112.01889434814453,0.030352597714774943,115.93677520751953
2020-11-12,115.93677520751953,117.22053084100786,115.31434868339849,116.33552114136147,103162300,111.91646804809571,111.78619079589843,-0.002343131175626234,115.98540496826172
2020-11-13,115.98540496826172,116.38414348107418,114.633571669367,116.16046289142338,81581900,112.94614715576172,111.75873016357421,0.00041945069332083307,116.996826171875
2020-11-16,116.996826171875,117.66787522451466,114.90585901966058,115.65471322677983,91183000,114.08570556640625,111.74994445800782,0.008720245481662614,116.11184692382812
2020-11-17,116.11184692382812,117.35670011994341,115.69365335764155,116.2674572832977,74271000,114.9746322631836,111.88151641845702,-0.007564130387150758,114.7891616821289
2020-11-18,114.7891616821289,116.53001321672764,114.75998660153422,115.35323797332128,76322100,115.29342956542969,111.89925674438477,-0.011391475346757107,115.38243103027344
2020-11-19,115.38243103027344,115.7908970620543,113.60267663763,114.36125853091154,74113000,115.275439453125,112.00323074340821,0.005168339409842515,114.11810302734375
2020-11-20,114.11810302734375,115.50883872913519,114.06948036722605,115.38241090893905,73604300,115.14414596557617,112.11085021972656,-0.01095771680003832,110.72394561767578
2020-11-23,110.72394561767578,114.39043445067523,110.6266928661709,113.96251344016258,127959300,114.9039291381836,112.08534408569336,-0.029742497637335386,112.0076675415039
2020-11-24,112.0076675415039,112.66899644070665,109.49850723983113,110.78226988526035,113874200,114.826123046875,112.08201721191406,0.011593896123073044,112.84407043457031
2020-11-25,112.84407043457031,113.54430200672213,112.00768354782322,112.37725433307455,76499200,114.48962326049805,112.16163177490235,0.007467371756103125,113.38871765136719
2020-11-27,113.38871765136719,114.26400731693963,113.02888170323342,113.36927006764773,46691300,114.23481750488281,112.28689636230469,0.004826547063566666,115.78115844726562
2020-11-30,115.78115844726562,117.64843779643516,113.60265845332594,113.75826877571102,169410200,114.2143928527832,112.52797088623046,0.02109946073518887,119.35037994384766
2020-12-01,119.35037994384766,120.0797865936806,116.71479147284033,117.68733367261757,127728200,114.44974822998047,112.77751693725585,0.030827308557356492,119.70051574707031
2020-12-02,119.70051574707031,119.98255392256038,117.57064559900594,118.66961579736986,89004200,114.8086151123047,113.00047378540039,0.0029336798373611472,119.5643539428711
2020-12-03,119.5643539428711,120.38128592155832,118.85439479194712,120.12842284343223,78967600,115.2861343383789,113.31177490234376,-0.0011375206142547611,118.89329528808594
2020-12-04,118.89329528808594,119.48654668025314,118.18333614962214,119.23368360656494,78260400,115.63722076416016,113.58829559326172,-0.00561253109857307,120.35211181640625
2020-12-07,120.35211181640625,121.14959622013072,118.89329833984375,118.95164850453536,86712000,116.2606216430664,113.81515838623046,0.012269964633291552,120.96480560302734
2020-12-08,120.96480560302734,121.54833690448348,119.7102251767506,120.9550855226028,82225500,117.28470764160156,114.0022361755371,0.005090843670078282,118.43620300292969
2020-12-09,118.43620300292969,122.49170271232049,117.67762117756554,121.1106943933289,115089200,117.92756118774415,114.15563537597656,-0.020903622235345254,119.85610961914062
2020-12-10,119.85610961914062,120.46881600995408,116.85095750767795,117.1913458248472,81312200,118.62876510620117,114.3040348815918,0.011988788733591882,119.04890441894531
2020-12-11,119.04890441894531,119.38929273400028,117.23997517904313,119.0683519998447,86939800,119.19478378295898,114.41726119995117,-0.0067347855921597866,118.43620300292969
2020-12-14,118.43620300292969,119.96309415447033,118.20279492279666,119.23368741163418,79184500,119.4602882385254,114.59143692016602,-0.005146636325685683,124.36869812011719
2020-12-15,124.36869812011719,124.3881531199314,120.72166474533367,120.92589772393254,157243700,119.96212005615234,114.81668991088867,0.05009021706851535,124.30062866210938
2020-12-16,124.30062866210938,124.84524997430788,123.08495079030278,123.91161767905837,98208600,120.42213134765625,115.10543548583985,-0.0005473198564969195,125.16619110107422
2020-12-17,125.16619110107422,126.02203307421959,124.52430962121518,125.3606965932024,94359800,120.98231506347656,115.37421112060547,0.006963459865659605,123.18221282958984
2020-12-18,123.18221282958984,125.55521844582084,122.65703909059238,125.41906311570027,192541500,121.41120681762695,115.60544342041015,-0.015850752140266655,124.70909881591797
2020-12-21,124.70909881591797,124.78690398309315,120.0603476658836,121.58723882712805,121251600,121.84690551757812,115.82837829589843,0.012395344678865383,128.25888061523438
2020-12-22,128.25888061523438,130.71941139606707,126.09010064650239,127.99629004452623,168904800,122.57631301879883,115.97803787231446,0.028464497242147502,127.3641586303711
2020-12-23,127.3641586303711,128.79378229896713,127.18909328249408,128.53120653688052,88223700,123.46910858154297,116.17388046264648,-0.006975906701909951,128.34640502929688
2020-12-24,128.34640502929688,129.79549835924004,127.50029800003861,127.71425848740788,54930100,124.3181381225586,116.38762054443359,0.007712109980456905,132.93678283691406
2020-12-28,132.93678283691406,133.56892926985674,129.84409122328378,130.31092211880733,124486200,125.70692596435546,116.70248870849609,0.035765534738346316,131.16680908203125
2020-12-29,131.16680908203125,134.9791741005159,130.6513627172758,134.25950211038574,121047300,126.97998657226563,117.01477249145508,-0.013314401906763473,130.0483856201172
2020-12-30,130.0483856201172,132.2560612728946,129.73716489381331,131.85731528225065,96452100,127.54795532226562,117.3637158203125,-0.008526726156878661,129.04666137695312
2020-12-31,129.04666137695312,131.04037638768824,128.10329400367584,130.3984948026051,99116600,128.02255859375,117.66291641235351,-0.007702704177275921,125.85669708251953
2021-01-04,125.85669708251953,129.94137159533847,123.27945861661561,129.85384635373498,143301900,128.09160919189452,117.91074508666992,-0.02471946395510005,127.41275787353516
2021-01-05,127.41275787353516,128.12272441766163,124.90359702782354,125.35097300302901,97664900,128.51466369628906,118.21144241333008,0.012363750416836128,123.12385559082031
2021-01-06,123.12385559082031,127.45167334436817,122.90989509434218,124.21310565475042,155088000,128.35613937377929,118.4401480102539,-0.033661482211787885,127.32523345947266
2021-01-07,127.32523345947266,128.01574500748134,124.34925645838389,124.83552759816486,109578200,128.2627746582031,118.7526870727539,0.03412318310283302,128.4241943359375
2021-01-08,128.4241943359375,128.9882705657379,126.65416049347947,128.79375026318803,105158200,128.36877822875977,119.05710830688477,0.008631131839350825,125.43848419189453
2021-01-11,125.43848419189453,126.59581174174171,124.9716681081952,125.64272457590934,100384500,128.07798614501954,119.40666900634766,-0.023248813508090382,125.26346588134766
2021-01-12,125.26346588134766,126.12902803614703,123.37673122396438,124.9717001892066,91951100,127.31065444946289,119.67272994995118,-0.0013952521164010134,127.29606628417969
2021-01-13,127.29606628417969,127.84068762018809,124.96197060419559,125.22454635131636,88636800,126.92358016967773,120.10487899780273,0.016226601974731913,125.37042999267578
2021-01-14,125.37042999267578,127.40303981441828,125.22453974548624,127.20853432464988,90221800,126.45578460693359,120.50026275634765,-0.015127225433699265,123.6490478515625
2021-01-15,123.6490478515625,126.64448041109725,123.51289250066638,125.24401689341136,111598500,125.91602325439453,120.82879211425781,-0.013730368007941363,124.3200912475586
2021-01-19,124.3200912475586,125.17593327026417,123.45452914361996,124.27146116175601,90757300,125.76236267089844,121.08317016601562,0.005427000107608215,128.4047393798828
2021-01-20,128.4047393798828,128.85211530015263,125.02029683978466,125.127277070296,104319500,125.8615608215332,121.34001831054688,0.03285589715495352,133.11187744140625
2021-01-21,133.11187744140625,135.8349992091979,129.92193946307938,130.12617990258715,120150900,126.8603630065918,121.69363510131836,0.036658600642437866,135.25149536132812
2021-01-22,135.25149536132812,136.01007733964045,131.31269518789352,132.53809342059313,114459400,127.65298919677734,122.13614273071289,0.016073831734990662,138.9957275390625
2021-01-25,138.9957275390625,141.1061423033731,132.79090363932372,139.14161777095364,157611700,128.71014251708985,122.66034271240234,0.027683480820168027,139.22914123535156
2021-01-26,139.22914123535156,140.33783872046894,137.48828243304504,139.6570621664172,98390600,130.08920822143554,123.12074417114258,0.0016792868415576034,138.15936279296875
2021-01-27,138.15936279296875,140.33786298237393,136.5546738638665,139.49174105337266,140843800,131.37879791259766,123.56519592285156,-0.007683581417588958,133.32583618164062
2021-01-28,133.32583618164062,138.09130292156465,132.94654523318187,135.6891219680526,142621100,131.98177490234374,123.91200454711914,-0.03498515419885906,128.336669921875
2021-01-29,128.336669921875,132.98542025799577,126.63472114242195,132.10040333112443,177523800,132.27839889526368,124.13880142211914,-0.03742085107171933,130.456787109375
2021-02-01,130.456787109375,131.66274456704772,127.33492066837252,130.07749631185263,106239800,132.95917282104492,124.42570022583008,0.01651996415981971,131.2834930419922
2021-02-02,131.2834930419922,132.56724118693242,130.91392221186754,132.0031648608857,83305400,133.65551300048827,124.75558685302734,0.006337009755759793,130.26229858398438
2021-02-03,130.26229858398438,132.0420525079875,129.94135789213308,132.03231758895785,89880900,133.84126892089844,125.05318420410157,-0.0077785442354216805,133.61761474609375
2021-02-04,133.61761474609375,133.62733482885022,130.89449275235532,132.55754697261725,84183100,133.8918426513672,125.44317443847656,0.025758152578169824,133.20364379882812
2021-02-05,133.20364379882812,133.84648451427685,132.32705363193958,133.77831254493844,75693800,133.6870574951172,125.8927684020996,-0.0030981764496564868,133.34971618652344
2021-02-08,133.34971618652344,133.39841892980013,131.41145995524053,132.49259546322395,71297200,133.1224563598633,126.319609375,0.0010966095485789307,132.47311401367188
2021-02-09,132.47311401367188,134.29449558670797,132.3172860388913,133.06725182462114,76774200,132.4468536376953,126.71219024658203,-0.006573708575617898,131.8692626953125
2021-02-10,131.8692626953125,133.42766158836056,130.90500170826476,132.93091432442992,73046600,131.81784362792968,127.08180114746094,-0.004558293377908029,131.61605834960938
2021-02-11,131.61605834960938,132.84328771791823,130.29142345565842,132.36602442146648,64280000,131.64686584472656,127.39849914550781,-0.001920116489072643,131.8497772216797
2021-02-12,131.8497772216797,132.0056200817279,130.21347177715296,130.85631242835694,60145100,131.99817657470703,127.64848709106445,0.0017757625855159276,129.72645568847656
2021-02-16,129.72645568847656,132.47311511495084,129.33684859330893,131.96664818421948,80576300,131.92514343261718,127.84900588989258,-0.01610409647968669,127.43756866455078
2021-02-17,127.43756866455078,128.781687221056,126.10319957479774,127.83691038959827,97918500,131.54055099487306,128.00647018432616,-0.017643949430193984,126.33696746826172
2021-02-18,126.33696746826172,126.61941963432317,124.09677476387137,125.84022023340577,96856700,131.14801788330078,128.15534362792968,-0.008636395121332963,126.49281311035156
2021-02-19,126.49281311035156,127.31098076958226,125.4506454700138,126.853201614987,87668800,130.43553771972657,128.2781576538086,0.001233571180414783,122.72344207763672
2021-02-22,122.72344207763672,126.34670679460257,122.33384236261952,124.68116782712916,103916400,129.38751754760742,128.31333038330078,-0.02979909245457657,122.58708190917969
2021-02-23,122.58708190917969,123.4149766498793,115.31133387912055,120.54169271715817,158273000,128.31125411987304,128.3963479614258,-0.0011111175350734248,122.09033966064453
2021-02-24,122.09033966064453,122.29487783267318,119.05147832650884,121.69100535268275,111039900,127.27297668457031,128.44103256225586,-0.004052158194802091,117.84371185302734
2021-02-25,117.84371185302734,123.17146835413952,117.4054168564186,121.43775757680415,148199500,125.8704216003418,128.4169287109375,-0.03478266846845435,118.10671997070312
2021-02-26,118.10671997070312,121.60336094633784,118.04827517596726,119.40212859655537,164560400,124.51948776245118,128.41033905029298,0.002231838369142647,124.46691131591797
2021-03-01,124.46691131591797,124.60327011935185,119.59693281900122,120.53196779868955,116307900,123.781201171875,128.412303314209,0.053851223256327074,121.86632537841797
2021-03-02,121.86632537841797,125.37270785746594,121.75918527388905,125.07077161615514,102260900,122.99518814086915,128.36361724853515,-0.02089379345888387,118.88590240478516
2021-03-03,118.88590240478516,122.44098788620711,118.67162218049718,121.56439034639122,112966300,122.14002151489258,128.23801147460938,-0.024456493328883444,117.00608825683594
2021-03-04,117.00608825683594,120.38585416346811,115.53536025738819,118.58396379730593,178155000,121.20693359375,128.1144889831543,-0.01581191806534632,118.26254272460938
2021-03-05,118.26254272460938,118.76902459264008,114.51266119025206,117.8339897181949,153766600,120.38390655517578,127.98555786132812,0.010738368289139322,113.3341293334961
2021-03-08,113.3341293334961,117.85346835184752,113.1880285063647,117.78528895665244,154376600,119.44497528076172,127.68706283569335,-0.041673494223693264,117.94110870361328
2021-03-09,117.94110870361328,118.88588550494669,115.70092356585985,115.93468039958287,129525800,118.98037796020508,127.4986018371582,0.0406495324683771,116.8600082397461
2021-03-10,116.8600082397461,118.99305378580543,116.34378427280272,118.52554000762703,111943300,118.45734481811523,127.26887390136719,-0.009166443115131262,118.78849029541016
2021-03-11,118.78849029541016,120.00598467048323,118.10669641776761,119.35340946888309,103026500,118.55182266235352,126.9859080505371,0.016502498029160373,117.88268280029297
2021-03-12,117.88268280029297,118.01904158578925,116.06131583787986,117.2690682655597,88105100,118.5294189453125,126.72022552490235,-0.0076253809848459975,120.76570129394531
2021-03-15,120.76570129394531,120.77544332973144,117.28853761790177,118.25279852383531,92403800,118.15929794311523,126.53457183837891,0.024456675273810236,122.30462646484375
2021-03-16,122.30462646484375,123.91172068145192,121.47673169598399,122.43124321692929,115227900,118.20312805175782,126.39973114013672,0.012743064913378621,121.51567840576172
2021-03-17,121.51567840576172,122.58707194968112,119.15860369194408,120.82414250531377,111932600,118.46610565185547,126.31291076660156,-0.006450680418935817,117.3956527709961
2021-03-18,117.3956527709961,119.9767418121098,117.19111464892973,119.68454024858958,121229700,118.50506210327148,126.11256866455078,-0.03390530085350918,116.8697509765625
2021-03-19,116.8697509765625,118.27230727066178,116.56781466419314,116.7820949236803,185549500,118.3657829284668,125.98748657226562,-0.004479738235788622,120.18132019042969
2021-03-22,120.18132019042969,120.64884136246526,117.13271654370864,117.20089594056832,111912300,119.05050201416016,125.84460830688477,0.028335554634075555,119.35340881347656
2021-03-23,119.35340881347656,121.00919818208511,118.9638091293934,120.12286614601692,95467100,119.19173202514648,125.66319259643555,-0.006888852407689328,116.96711730957031
2021-03-24,116.96711730957031,119.70404974763237,116.94764066899515,119.62612832333967,88530500,119.2024429321289,125.49376525878907,-0.01999349266710515,117.45411682128906
2021-03-25,117.45411682128906,118.4962991670475,115.90546750304253,116.43142597838931,98844700,119.06900558471679,125.3375782775879,0.004163559151670215,118.05799102783203
2021-03-26,118.05799102783203,118.32097396831911,115.82754049090362,117.22035432205121,94071200,119.0865364074707,125.15281677246094,0.005141362626410073,118.23332214355469
2021-03-29,118.23332214355469,119.39237925463331,117.59048892877756,118.4865630734955,80819200,118.83329849243164,125.01007461547852,0.0014851270481244239,116.78207397460938
2021-03-30,116.78207397460938,117.26907177481125,115.76911765846987,116.98661215897457,85671900,118.2810432434082,124.87273513793946,-0.012274442962731391,118.97355651855469
2021-03-31,118.97355651855469,120.30792565051348,117.9995609800172,118.48655874928595,118323800,118.0268310546875,124.76580444335937,0.018765573082918374,119.80143737792969
2021-04-01,119.80143737792969,120.95075227765696,119.3046976300742,120.44427792585978,75089100,118.26740951538086,124.59373840332032,0.006958528294864319,122.62605285644531
2021-04-05,122.62605285644531,122.87929380413213,119.86964340519192,120.64884289146045,88651200,118.84303970336914,124.38402191162109,0.023577475699268824,122.92797088623047
2021-04-06,122.92797088623047,123.82404496077191,122.38253578537845,123.21043047231339,80171300,119.11770477294922,124.13755142211915,0.0024621034662071217,124.57403564453125
2021-04-07,124.57403564453125,124.59351228641088,121.88580577435263,122.55786509964642,83466700,119.63976745605468,123.84911758422851,0.013390481811696109,126.9700698852539
2021-04-08,126.9700698852539,126.99928856495599,125.17792150755567,125.59673249128127,88844600,120.64006271362305,123.60393615722656,0.019233817290464028,129.5414276123047
2021-04-09,129.5414276123047,129.58038090088027,126.10322399320837,126.4246443564377,106686700,121.8487937927246,123.43157745361329,0.02025168395492405,127.82715606689453
2021-04-12,127.82715606689453,129.395289186928,127.23301830434795,129.07386893551856,91420000,122.82571029663086,123.32160385131836,-0.013233384694050776,130.9342041015625
2021-04-13,130.9342041015625,131.15823376064404,128.49921542278324,128.99596262492872,91266500,124.09579849243164,123.3735545349121,0.024306635070892035,128.59661865234375
2021-04-14,128.59661865234375,131.48938634080065,128.2362450900617,131.43094899145666,87222800,125.27725296020508,123.33635116577149,-0.017853130625864133,131.00241088867188
2021-04-15,131.00241088867188,131.48940869866695,130.16477406100063,130.34010100083557,89347100,126.48013839721679,123.33072952270508,0.018708052058756586,130.6712646484375
2021-04-16,130.6712646484375,131.16799709740084,129.81414368991753,130.8076234498389,84922400,127.56712112426757,123.33890884399415,-0.0025277873742017842,131.33355712890625
2021-04-19,131.33355712890625,131.9471790846723,129.87256379574342,130.0381412567294,94264200,128.43787155151367,123.29322769165039,0.005068386551936976,129.64854431152344
2021-04-20,129.64854431152344,132.00561168739057,128.3823471626382,131.50887932231677,94812300,129.10992889404298,123.2221257019043,-0.01283002497015251,130.02841186523438
2021-04-21,130.02841186523438,130.27191076385841,127.88562452974153,128.9180574819885,68847100,129.65536651611328,123.15569961547851,0.002929979320077658,128.5089569091797
2021-04-22,128.5089569091797,130.66147844484067,127.99274053029319,129.58034294411806,84566500,129.80925521850585,123.07641647338868,-0.011685561134358036,130.8271026611328
2021-04-23,130.8271026611328,131.60628729046172,128.72326849315886,128.72326849315886,78657500,129.93782272338868,123.05557327270508,0.018038787394340172,131.21669006347656
2021-04-26,131.21669006347656,131.5478450047434,130.08685158645528,131.32383017529745,66905100,130.2767761230469,123.04758590698242,0.0029778799225788077,130.89524841308594
2021-04-27,130.89524841308594,131.88872793710226,130.62253087504087,131.49912083847275,66015800,130.27288055419922,123.02849533081054,-0.0024497009506574408,130.10633850097656
2021-04-28,130.10633850097656,131.50889459107745,129.61934068424674,130.81735115204378,107760100,130.4238525390625,123.03609298706054,-0.006027032468128191,130.0089111328125
2021-04-29,130.0089111328125,133.5055661641117,129.0056969879915,132.92116293750138,151101000,130.32450256347656,123.08751983642578,-0.000748828760278486,128.04147338867188
2021-04-30,128.04147338867188,130.08685531571498,127.66161568350715,128.35314426527148,109839500,130.0615234375,123.12160995483399,-0.015133099162185637,129.09336853027344
2021-05-03,129.09336853027344,130.58359545105438,128.401839986388,128.60637073689202,75135100,129.8375045776367,123.17362106323242,0.008215268957492583,124.52532196044922
2021-05-04,124.52532196044922,128.07067238199318,123.40522566029897,127.77847076247717,137564700,129.3251823425293,123.20965866088868,-0.03538560207880059,124.76884460449219
2021-05-05,124.76884460449219,127.05772538948398,124.6422204183204,125.84023086704354,84000900,128.7992256164551,123.25329391479492,0.0019556074235271836,126.36618041992188
2021-05-06,126.36618041992188,126.37591502452003,123.82404416158315,124.56428281581603,78128300,128.5849479675293,123.33881072998047,0.012802361202374879,127.03938293457031
2021-05-07,127.03938293457031,128.06380344320834,126.32714777247271,127.66379828936026,78973300,128.20617599487304,123.52272415161133,0.005327394659008888,123.7612075805664
2021-05-10,123.7612075805664,126.38570115821472,123.7221806852606,126.25887677480436,88071200,127.46062774658203,123.6358139038086,-0.025804402369399737,122.84410095214844
2021-05-11,122.84410095214844,123.19532812082859,119.78055295740043,120.49278076667929,126142800,126.65551300048828,123.60335769653321,-0.007410291531140256,119.780517578125
2021-05-12,119.780517578125,121.6049853062567,119.27318297888682,120.3951816899065,112172300,125.62293090820313,123.56164154052735,-0.0249387911204364,121.92698669433594
2021-05-13,121.92698669433594,123.07825403932372,121.23427605914434,121.54648377421124,105861300,124.81473846435547,123.62246322631836,0.01792001871098048,124.34658813476562
2021-05-14,124.34658813476562,124.77587651193251,122.78554964091157,123.17581112527975,81918000,124.44524993896485,123.76927322387695,0.019844675129186085,123.19532775878906
2021-05-17,123.19532775878906,123.83926036065176,122.12211419930365,123.73193826034131,74244600,123.8554458618164,123.86792892456054,-0.009258479812319753,121.80989837646484
2021-05-18,121.80989837646484,123.8977887358132,121.74160317568686,123.47825894714309,63342900,123.58390350341797,124.03744430541992,-0.011245794848947721,121.6537857055664
2021-05-19,121.6537857055664,121.87818100914643,119.86834464183288,120.16104258276613,92612000,123.27239761352538,124.11169784545899,-0.0012816090726548435,124.20999145507812
2021-05-20,124.20999145507812,124.61001150333645,122.05380598133526,122.1806452374261,76857100,123.05677871704101,124.25869750976562,0.02101213484386255,122.37577819824219
2021-05-21,122.37577819824219,124.8831983677244,122.16113401006866,124.70758107227505,79295400,122.59041824340821,124.33044326782226,-0.014767034723605965,124.00511932373047
2021-05-24,124.00511932373047,124.82466923282675,122.87336914136405,122.94166434682049,63092900,122.61480941772462,124.45289199829102,0.013314245265503732,123.80998992919922
2021-05-25,123.80998992919922,125.19541862484827,123.24411112700588,124.70758616767343,72009500,122.71139831542969,124.5137777709961,-0.0015735591852610309,123.7612075805664
2021-05-26,123.7612075805664,124.28805950176616,123.34167776055286,123.8685296817526,56575900,123.10946731567383,124.54290939331055,-0.00039400979404580205,122.22943115234375
2021-05-27,122.22943115234375,124.5319657543007,122.03430412924318,123.36118872845968,94625600,123.13971176147462,124.55718444824218,-0.012376870411720087,121.57575225830078
2021-05-28,121.57575225830078,122.73677818956268,121.51721563777299,122.51237540484098,71311100,122.86262817382813,124.64078643798828,-0.005347966425763961,121.2537841796875
2021-06-01,121.2537841796875,122.2977294109628,120.92206674340329,122.03430717883234,67637100,122.66847381591796,124.72846710205079,-0.002648291889070342,122.01477813720703
2021-06-02,122.01477813720703,122.19039542274523,121.02937706510446,121.25377238108098,59278900,122.68896179199218,124.76513626098632,0.006276042951301353,120.53179931640625
2021-06-03,120.53179931640625,121.80989840712398,120.13177925202119,121.64403969713835,76229200,122.57676315307617,124.78870407104492,-0.012154091852161986,122.8245620727539
2021-06-04,122.8245620727539,123.08799170722506,120.83423543606743,121.04887959937938,75169300,122.43822021484375,124.9058529663086,0.019022056995340764,122.83433532714844
2021-06-07,122.83433532714844,123.24410653680496,121.7903901347652,123.09775754946514,71057600,122.48407592773438,125.01345733642579,7.957084665810576e-05,123.65387725830078
2021-06-08,123.65387725830078,125.33200387040455,123.13678395621102,123.51728685562117,74403800,122.4489517211914,125.12537506103516,0.006671928732057131,124.03438568115234
2021-06-09,124.03438568115234,124.63929137968418,123.43923856713752,124.11243947005046,56877900,122.47139129638671,125.24139633178712,0.003077205756004897,123.03921508789062
2021-06-10,123.03921508789062,125.06856875877892,122.87335638380547,123.92705266664278,71186400,122.39919204711914,125.36653915405273,-0.008023344395964083,124.24901580810547
2021-06-11,124.24901580810547,124.3368281715762,123.02945340825438,123.44898317154788,53522400,122.60115051269531,125.47204833984375,0.009832643351557868,127.30282592773438
2021-06-14,127.30282592773438,127.36136255409737,123.97586282548664,124.70760042950351,96906500,123.17385787963867,125.62207611083984,0.024578143333910285,126.4832763671875
2021-06-15,126.4832763671875,127.41990699875254,126.23936384604688,126.775974370004,62746300,123.69680709838867,125.69922058105469,-0.006437795505121802,126.98084259033203
2021-06-16,126.98084259033203,127.7028289556805,125.33200658203938,127.19548678307785,91815000,124.19341354370117,125.78027801513672,0.00393384989253498,128.58090209960938
2021-06-17,128.58090209960938,129.32240559947226,126.49301177385304,126.63936820067508,96721700,124.99832382202149,125.86041534423828,0.012600794550084116,127.28329467773438
2021-06-18,127.28329467773438,128.30771518043744,127.06865050509046,127.52720715689915,108953300,125.44419708251954,125.8666798400879,-0.010091758579122145,129.0784912109375
2021-06-21,129.0784912109375,129.18581330080102,126.063736441913,127.1271913132279,79663300,126.06861267089843,125.85742111206055,0.014103944572996241,130.71755981445312
2021-06-22,130.71755981445312,130.81513075216756,128.4150256244004,128.9126165646152,74783600,126.77498092651368,125.91522918701172,0.012698231813363048,130.4444122314453
2021-06-23,130.4444122314453,131.0493254021088,129.98585550457855,130.51271488266488,60214200,127.41598358154297,125.90543334960938,-0.0020896013006632685,130.16146850585938
2021-06-24,130.16146850585938,131.36151382298493,129.69314579268672,131.17613794325877,68711000,128.12820892333986,125.93673034667968,-0.002169075092951611,129.8687744140625
2021-06-25,129.8687744140625,130.6297802366699,129.5760764313894,130.21025787505408,70783700,128.69018478393554,125.9140576171875,-0.0022486999813136066,131.4980926513672
2021-06-28,131.4980926513672,131.95664929646315,130.10292043684166,130.1614570490265,62111300,129.10971145629884,125.93059417724609,0.012545881368756895,133.0103759765625
2021-06-29,133.0103759765625,133.16648356087228,131.07859300425446,131.51763255879192,64556100,129.76242141723634,125.96413055419922,0.01150042023198572,133.62503051757812
2021-06-30,133.62503051757812,134.0640700400228,132.56156070353867,132.8542586809143,63261400,130.42684020996094,126.04366027832032,0.0046211021997557555,133.92747497558594
2021-07-01,133.92747497558594,133.98601159157678,132.4542339993765,133.27379128495963,52485800,130.96149749755858,126.12164154052735,0.002263381769391115,136.55198669433594
2021-07-02,136.55198669433594,136.59100614570704,134.39579354693674,134.54213509862615,78852600,131.88836669921875,126.28250213623046,0.019596514600371817,138.5618133544922
2021-07-06,138.5618133544922,139.66428770082487,136.65929888430668,136.65929888430668,108181800,132.83669891357422,126.43719635009765,0.014718399261778092,141.04971313476562
2021-07-07,141.04971313476562,141.36191336128311,139.1862182535438,140.04478004189397,104911600,133.86991424560546,126.63385681152344,0.017955161815820686,139.7520751953125
2021-07-08,139.7520751953125,140.55210024692394,137.24464819829342,138.13249304147996,105575500,134.8006805419922,126.81099334716797,-0.009199862308215345,141.57656860351562
2021-07-09,141.57656860351562,142.10341304013653,139.17646311232951,139.27403406481795,99890800,135.94219055175782,127.04039794921874,0.013055215141909438,140.98143005371094
2021-07-12,140.98143005371094,142.75712026323748,140.49360503622404,142.64979816390084,76299700,137.05345611572267,127.25984832763672,-0.00420365146348034,142.09368896484375
2021-07-13,142.09368896484375,143.86937940514224,140.13263749909038,140.5228916089028,100827100,138.1130157470703,127.54089263916016,0.007889400119640344,145.51817321777344
2021-07-14,145.51817321777344,145.92795926693185,144.08396670742601,144.49375275658443,127050800,139.3637954711914,127.86938873291015,0.024100185433126198,144.864501953125
2021-07-15,144.864501953125,146.34749406137325,143.50834910364574,145.6060054508676,106820300,140.48774261474608,128.27617233276368,-0.004492024949146356,142.82540893554688
2021-07-16,142.82540893554688,146.11334481046933,142.32783277394142,144.84501166670194,93251400,141.37753601074218,128.63730361938477,-0.014075863928610599,138.98133850097656
2021-07-19,138.98133850097656,140.56190161268026,138.2203326975493,140.24968646910114,121434600,141.62047119140624,128.88960678100585,-0.026914471754147296,142.5912322998047
2021-07-20,142.5912322998047,143.5181116494979,139.47892150687957,139.9667464752501,96350000,142.0234130859375,129.20064376831056,0.025973946126607306,141.85948181152344
2021-07-21,141.85948181152344,142.57171691870616,141.108242148076,141.98632105555998,74993500,142.1043899536133,129.5626092529297,-0.005131805627029751,143.22544860839844
2021-07-22,143.22544860839844,144.5913528979392,142.2595495761402,142.38638886275476,77338200,142.45172729492188,129.9702362060547,0.00962901301648511,144.9425506591797
2021-07-23,144.9425506591797,145.09865822031367,143.34248537564744,143.95714959308972,71447400,142.78832550048827,130.47347686767577,0.011988805533268643,145.3621063232422
2021-07-26,145.3621063232422,146.18164879238583,144.1035094217646,144.65963709619385,72434100,143.2263931274414,130.9421792602539,0.002894634199235524,143.1961212158203
2021-07-27,143.1961212158203,145.5767090416399,142.00582730291055,145.48888924785527,104818600,143.33663635253907,131.319169921875,-0.01490061723930558,141.4497528076172
2021-07-28,141.4497528076172,143.39130194121526,139.06916408946387,141.2838940706625,118931200,142.92979431152344,131.68425842285157,-0.012195640450142209,142.09368896484375
2021-07-29,142.09368896484375,142.981534184993,141.05950217532487,141.16682428860926,56699500,142.6527130126953,132.08993423461914,0.004552402138887857,142.3083038330078
2021-07-30,142.3083038330078,142.76686050541852,140.60091640214495,140.86434605990442,70440600,142.60100250244142,132.50302459716798,0.0015103757930949868,141.97659301757812
2021-08-02,141.97659301757812,143.37176538004852,141.71316334757606,142.79613544954273,62880000,142.90052795410156,132.85835662841797,-0.0023309308486940683,143.7717742919922
2021-08-03,143.7717742919922,144.43520909857267,141.64484970305608,142.2595139229218,64786600,143.01858215332032,133.28627655029297,0.012644205895205651,143.3717803955078
2021-08-04,143.3717803955078,144.19132291330385,142.71809660960577,143.68399557594776,56368300,143.16981201171876,133.6736097717285,-0.00278214481565775,143.4791259765625
2021-08-05,143.4791259765625,144.2401319943391,142.61079783385628,143.40107216868265,46397700,143.19517974853517,134.06699249267578,0.0007487218248847238,142.7951202392578
2021-08-06,142.7951202392578,143.74291989384258,142.29679858037488,143.000320280882,54126800,142.98043670654297,134.44767074584962,-0.004767283970048886,142.74623107910156
2021-08-09,142.74623107910156,143.3422697557146,142.18928521610837,142.8537139522462,48908700,142.7188491821289,134.85800674438477,-0.00034237276507997905,142.2675323486328
2021-08-10,142.2675323486328,144.3292395430364,141.9743957271941,143.08830296102295,69023100,142.62599029541016,135.27184234619142,-0.003353494707706073,142.52149963378906
2021-08-11,142.52149963378906,143.36181621242878,142.19905101424288,142.70715322469806,48493500,142.73316497802733,135.69719665527344,0.0017851387520653184,145.48219299316406
2021-08-12,145.48219299316406,145.63853447846216,142.50199865892714,142.8439937943236,72282600,143.07201538085937,136.16654495239257,0.02077366128606939,145.68736267089844
2021-08-13,145.68736267089844,146.01957707570978,144.8763581583002,145.56033337689462,59375000,143.40992126464843,136.66965621948242,0.0014102734741152645,147.6610870361328
2021-08-16,147.6610870361328,147.72949199860398,143.11752446564824,145.1401375440863,103296000,143.9783706665039,137.16638671875,0.013547670361038433,146.75241088867188
2021-08-17,146.75241088867188,148.20829780218608,145.67758203815535,146.79148879708086,92229700,144.27643432617188,137.64474822998048,-0.006153795598420442,143.01007080078125
2021-08-18,143.01007080078125,147.2702784625577,142.8048707810112,146.37133747643588,86326000,144.24026336669922,138.03187210083007,-0.02550104673053455,143.34226989746094
2021-08-19,143.34226989746094,144.61251796964282,141.19262734198236,141.71049530140775,86960300,144.22657775878906,138.41802978515625,0.00232290701500637,144.7981719970703
2021-08-20,144.7981719970703,145.10107421090675,143.42044104748524,144.0653382889344,60549600,144.4268829345703,138.85320892333985,0.010156823250049296,146.28338623046875
2021-08-23,146.28338623046875,146.75239563031982,144.50503593715925,144.91542102572143,60131800,144.78059844970704,139.2938963317871,0.01025713386373761,146.1954803466797
2021-08-24,146.1954803466797,147.40710449199298,145.73623655262395,146.02937310982574,48606400,145.17339324951172,139.671749420166,-0.000600928690907998,144.96429443359375
2021-08-25,144.96429443359375,146.87943995254733,144.41711425947602,146.3811034364789,58991300,145.41767272949218,140.04136978149415,-0.008421504619475106,144.16307067871094
2021-08-26,144.16307067871094,145.70690913613237,144.13375851701343,144.95454377317253,48597200,145.28576049804687,140.38501434326173,-0.005527042076211686,145.19879150390625
2021-08-27,145.19879150390625,145.3453522818871,143.4692997760321,144.1044163600025,55802400,145.23690338134764,140.71737213134764,0.007184369896667819,149.61534118652344
2021-08-30,149.61534118652344,149.97688265994054,145.2085727146907,145.58964568755835,90956700,145.4323287963867,141.16401306152343,0.030417261995588696,148.35491943359375
2021-08-31,148.35491943359375,149.30271928350763,147.82727059470037,149.1659241974142,86453100,145.59257965087892,141.54954162597656,-0.008424415189872358,149.01931762695312
2021-09-01,149.01931762695312,151.43278500420377,148.85321040744938,149.33200056452,80313700,146.1935043334961,141.91557678222657,0.004478437222681819,150.13319396972656
2021-09-02,150.13319396972656,151.1787105563669,148.91180444862712,150.34815971820325,71115500,146.87259674072266,142.3093524169922,0.007474711067741335,150.76832580566406
2021-09-03,150.76832580566406,151.09077442910467,149.58601418638187,150.24067718201943,57808700,147.46961212158203,142.72148956298827,0.004230455764936192,153.10365295410156
2021-09-07,153.10365295410156,153.660598936694,150.85629279363835,151.42301943650597,82278300,148.15163879394532,143.18618713378908,0.015489507732862062,151.559814453125
2021-09-08,151.559814453125,153.4456331023822,150.45567332943037,153.38700877891932,74420200,148.68807220458984,143.58742156982422,-0.010083616368313453,150.54359436035156
2021-09-09,150.54359436035156,152.5368955037672,150.42633082753412,151.9310910707807,57305700,149.24600219726562,143.9380859375,-0.006705076120872011,145.56036376953125
2021-09-10,145.56036376953125,151.92135699493102,145.2965393767227,151.45234744847278,140893200,149.38573150634767,144.17679260253905,-0.03310157839656802,146.12709045410156
2021-09-13,146.12709045410156,147.954284971399,145.3453979370689,147.18237311566395,102404300,149.4785614013672,144.42078491210938,0.0038934134945391996,144.7297821044922
2021-09-14,144.7297821044922,147.61227358439965,143.5474852815467,146.9087519585389,109296300,148.99000549316406,144.5843408203125,-0.009562281335152356,145.61895751953125
2021-09-15,145.61895751953125,146.0195769004921,143.01983678244974,145.15971382126716,83281300,148.7164093017578,144.7254837036133,0.006143693454862653,145.38442993164062
2021-09-16,145.38442993164062,145.56031777444971,143.85037245648,145.04244981377065,68034100,148.35292053222656,144.8121780395508,-0.00161055670144572,142.71694946289062
2021-09-17,142.71694946289062,145.41378761722353,142.4238129361749,145.41378761722353,129868800,147.61129608154297,144.87147552490234,-0.01834777266041654,139.6683349609375
2021-09-20,139.6683349609375,141.5248410433877,138.03656037257468,140.50865153615536,123478900,146.5012969970703,144.83331085205077,-0.02136126447087372,140.14710998535156
2021-09-21,140.14710998535156,141.29034368063373,139.51199340756355,140.63566578658538,75834000,145.2056427001953,144.8166244506836,0.0034279425221757087,142.51173400878906
2021-09-22,142.51173400878906,143.0784456211062,140.41093510559722,141.14376881169068,76404300,144.30083465576172,144.8249853515625,0.01687244227643836,143.46932983398438
2021-09-23,143.46932983398438,143.71360778815728,142.30656438659437,143.29344195401745,64838200,143.593408203125,144.7840084838867,0.006719417399947192,143.55728149414062
2021-09-24,143.55728149414062,144.0946960320379,142.22840868658764,142.3261258424034,53477900,143.39309997558593,144.75786407470704,0.0006130345785961833,142.042724609375
2021-09-27,142.042724609375,142.61923184992318,140.52821338546616,142.14044174425882,74150700,142.9846633911133,144.7422103881836,-0.010550192013962345,138.6619415283203
2021-09-28,138.6619415283203,141.43693551030117,138.44697573581755,139.9712677848058,108972300,142.37787933349608,144.73582244873046,-0.023801170319367126,139.56085205078125
2021-09-29,139.56085205078125,141.1437680766469,138.77915978644447,139.2090912773067,74602000,141.7720687866211,144.67521484375,0.006482748709222053,138.2612762451172
2021-09-30,138.2612762451172,141.07536211571664,138.0463105239165,140.37184064806678,89056700,141.05975341796875,144.60325073242188,-0.009311893604599053,139.3849639892578
2021-10-01,139.3849639892578,139.64878829633227,135.9259954801677,138.65213028813756,94639600,140.72655487060547,144.52644104003906,0.008127277388561671,135.95530700683594
2021-10-04,135.95530700683594,138.95504676613083,135.10522468851968,138.5153346198599,98322000,140.35525207519532,144.3466961669922,-0.024605645288154565,137.88023376464844
2021-10-05,137.88023376464844,138.9843747661612,136.17028827499877,136.29731756814027,80861100,140.128564453125,144.1970587158203,0.01415852606412571,138.74989318847656
2021-10-06,138.74989318847656,138.89645401323804,135.20297213380132,136.27780121386797,83221100,139.75238037109375,144.10813415527343,0.006307353854016373,140.01034545898438
2021-10-07,140.01034545898438,140.91906720020722,139.4533994772065,139.78561391612965,61732700,139.40648193359374,144.07934600830077,0.009084347681591609,139.6292266845703
2021-10-08,139.6292266845703,140.87992820552267,139.29701235452882,140.73336744507444,58773200,139.01367645263673,144.03005676269532,-0.0027220758092173503,139.54132080078125
2021-10-11,139.54132080078125,141.49554421911762,138.56420909161307,139.01368703802868,64452200,138.76353607177734,143.9747171020508,-0.0006295665017729268,138.2710418701172
2021-10-12,138.2710418701172,139.97122123368786,137.81179827609876,139.95167482917654,73035900,138.72444610595704,143.90060607910155,-0.009103245715135544,137.68482971191406
2021-10-13,137.68482971191406,138.163604960137,136.01396194464323,138.00727840066958,78762700,138.5368438720703,143.7788671875,-0.0042395873371213755,140.4696044921875
2021-10-14,140.4696044921875,140.58686806127858,138.27110266842462,138.85737578524592,69907100,138.75767669677734,143.7208236694336,0.020225719755039062,141.5248565673828
2021-10-15,141.5248565673828,141.58348088448486,140.22529620330172,140.47935479013262,67940300,138.97166595458984,143.68173828125,0.00751231612710912,143.19569396972656
2021-10-18,143.19569396972656,143.4790497458413,139.88328656577576,140.1666423418905,85589200,139.6957046508789,143.68974975585937,0.01180596428690417,145.35513305664062
2021-10-19,145.35513305664062,145.75575243725564,143.1957245202807,143.64518755891186,76378900,140.4431945800781,143.74192779541016,0.015080335358202746,145.8436737060547
2021-10-20,145.8436737060547,146.3224637629304,144.7297670657769,145.29649358936246,58418800,141.15257263183594,143.8134506225586,0.0033610140841995317,146.05870056152344
2021-10-21,146.05870056152344,146.2150420630002,144.48554961308596,145.40403729732907,61421000,141.75740814208984,143.88419464111328,0.0014743653255890887,145.28672790527344
2021-10-22,145.28672790527344,146.7426146643611,145.23786934278849,146.26383951681254,58883400,142.32315826416016,143.88028533935548,-0.005285358922694439,145.23788452148438
2021-10-25,145.23788452148438,145.95117189778182,144.24122639888336,145.27696242983234,50720600,142.89281463623047,143.8712957763672,-0.000336186136843164,145.90232849121094
2021-10-26,145.90232849121094,147.38752756365847,145.5994113354405,145.91209424092938,60893400,143.65594329833985,143.83612060546875,0.0045748667568086265,145.44309997558594
2021-10-27,145.44309997558594,146.30294823636,145.0913391249601,145.94142163499626,56094900,144.43177032470703,143.80993438720702,-0.003147506420040913,149.0779571533203
2021-10-28,149.0779571533203,149.66421529809745,146.29318250961379,146.39089965518153,100077900,145.2926055908203,143.93129211425781,0.0249916096284013,146.371337890625
2021-10-29,146.371337890625,146.50813293434493,143.05892977311782,143.85038787675046,124953200,145.77725372314453,143.9918734741211,-0.018155730829552907,145.5505828857422
2021-11-01,145.5505828857422,146.2736360885386,144.41712959922393,145.57989504750188,74588300,146.0127426147461,144.00692169189452,-0.005607347836747323,146.58633422851562
2021-11-02,146.58633422851562,148.10086068451773,145.24768076131065,145.25746142260692,69122000,146.1358627319336,144.01298065185546,0.007116092029576526,148.02264404296875
2021-11-03,148.02264404296875,148.49165344387518,146.39086943374969,146.9478153017873,54511500,146.353759765625,144.04952392578124,0.009798388246847312,147.50479125976562
2021-11-04,147.50479125976562,148.94113176601576,147.192108353955,148.11059575284676,60394600,146.4983688354492,144.1003338623047,-0.003498470024983491,148.03317260742188
2021-11-05,148.03317260742188,148.9334254421716,146.83935549516048,148.6300811635526,65463900,146.77301330566405,144.1777359008789,0.003582130066037914,147.21124267578125
2021-11-08,147.21124267578125,148.3169952703634,146.93725326087116,148.16042562432813,55020900,146.97034912109376,144.2179849243164,-0.005552336122798263,147.57327270507812
2021-11-09,147.57327270507812,148.17996131979666,146.8393694074151,146.97636409239348,56787900,147.13744354248047,144.1771435546875,0.0024592553035789333,144.74533081054688
2021-11-10,144.74533081054688,146.90790623545243,144.67684091878007,146.80026646441542,65187100,147.06766662597656,144.10495178222655,-0.019162967945983156,144.6963653564453
2021-11-11,144.6963653564453,146.22288178403127,144.5104408038777,145.76298280044355,41000000,146.62950744628907,144.0184927368164,-0.00033828693352222494,146.7709197998047
2021-11-12,146.7709197998047,147.17210903147864,144.31477986704056,145.24438797954153,63804000,146.66946563720703,143.95124725341796,0.01433729477757728,146.78067016601562
2021-11-15,146.78067016601562,148.62032601011296,146.22289645235986,147.14272437440852,59222800,146.79247436523437,143.871494140625,6.643254824756362e-05,147.75921630859375
2021-11-16,147.75921630859375,148.23870523347338,146.1348398835429,146.72196856987298,59256200,146.90976257324218,143.76460540771484,0.006666723496161708,150.19578552246094
2021-11-17,150.19578552246094,151.67337235529826,147.7494408070529,147.7592208106454,88807000,147.1270767211914,143.73732482910157,0.016490133575007837,154.4817657470703
2021-11-18,154.4817657470703,155.2645990140686,149.7652210699027,150.411059635024,137827700,147.82477416992188,143.81608825683594,0.028535955317923634,157.104248046875
2021-11-19,157.104248046875,157.5641620110988,153.1705218782956,154.2664794451428,117305600,148.73188171386718,144.04696594238283,0.01697599899329494,157.56417846679688
2021-11-22,157.56417846679688,162.14372871908944,157.54460352782965,158.21000213967926,117467900,149.76717529296874,144.2757077026367,0.0029275492269607017,157.94580078125
2021-11-23,157.94580078125,158.32742995233392,155.64623082003743,157.6620164381372,96041900,150.80442810058594,144.54002807617186,0.0024220118948772296,158.46441650390625
2021-11-24,158.46441650390625,158.66012108108276,156.2137765381209,157.29995411244806,69463600,152.17633666992188,144.79693725585938,0.0032835043419388033,153.44451904296875
2021-11-26,153.44451904296875,157.00639624695634,153.00417999336176,156.1452930856568,76959800,153.05115203857423,144.95813903808593,-0.03167838920363397,156.80088806152344
2021-11-29,156.80088806152344,157.7304958999759,155.38199643665857,155.94955010034442,88748200,154.05414886474608,145.23981781005858,0.021873502158880065,161.7523193359375
2021-11-30,161.7523193359375,161.9675988704111,156.4877806077615,156.5562854284138,174048100,155.5513137817383,145.68149749755858,0.031577826730619485,161.2336883544922
2021-12-01,161.2336883544922,166.64500155872992,160.99883389139347,163.88551760970591,152052500,156.8987609863281,146.10322906494142,-0.003206327943701348,160.24534606933594
2021-12-02,160.24534606933594,160.6759050938818,154.4132690949476,155.33309702351337,136739200,157.90371704101562,146.45790130615234,-0.0061298745643234565,158.36654663085938
2021-12-03,158.36654663085938,161.4195945786872,156.29205136899398,160.49976670029744,118023100,158.29219512939454,146.75584564208984,-0.011724517962996783,161.7718963623047
2021-12-06,161.7718963623047,164.27695105253582,160.75420856233345,160.7639885662799,107497000,158.7589599609375,147.12013793945312,0.021502961350688077,167.50607299804688
2021-12-07,167.50607299804688,167.8974970290668,164.7270295686555,165.45115282756737,120405400,159.7531494140625,147.62940490722656,0.035446061798644735,171.32240295410156
2021-12-08,171.32240295410156,172.18352101189242,167.03640253357247,168.43571937748263,116998900,161.09080963134767,148.2826141357422,0.02278323339416577,170.81358337402344
2021-12-09,170.81358337402344,172.9565838887255,170.1873196788355,171.15607763147332,108923700,162.3257263183594,148.90766876220704,-0.002969953557179772,175.5985870361328
2021-12-10,175.5985870361328,175.77473158616564,170.94075296583623,171.4495967498973,115402700,164.54113311767577,149.65441497802735,0.02801301610558604,171.96827697753906
2021-12-13,171.96827697753906,178.221134326904,171.76277742360364,177.2328013708556,153237000,166.05787200927733,150.30608123779297,-0.02067391383876427,170.58847045898438
2021-12-14,170.58847045898438,173.92528743178815,168.51397541726456,171.48872330598167,139380400,166.94148712158204,150.99874450683595,-0.008023610765925726,175.45184326171875
2021-12-15,175.45184326171875,175.6475478496639,168.6118581679586,171.35176719309973,131063300,168.3633026123047,151.75017669677734,0.028509387472957615,168.5629119873047
2021-12-16,168.5629119873047,177.2523322197485,167.08532532021002,175.43225135839342,150185800,169.19505920410157,152.3464370727539,-0.0392639435776001,167.46694946289062
2021-12-17,167.46694946289062,169.74694420568176,166.0480727156741,166.2829122189755,195432700,170.1050994873047,152.89556915283202,-0.006501801087160919,166.1068115234375
2021-12-20,166.1068115234375,166.91899978685493,163.86596626176092,164.66835958996737,107499100,170.53859100341796,153.42512084960939,-0.00812182907621739,169.2772674560547
2021-12-21,169.2772674560547,169.48275204230814,165.49031583648394,167.8779505711604,91185900,170.71571044921876,154.01983978271485,0.019086850825318802,171.87034606933594
2021-12-22,171.87034606933594,172.08562553909977,168.45524441835437,169.3261422982902,92135300,170.7705047607422,154.69182586669922,0.015318528307142198,172.4966278076172
2021-12-23,172.4966278076172,173.0544014741378,171.50831008728667,172.07586375572322,68356600,170.93880920410157,155.38806182861327,0.003643919690652142,176.45973205566406
2021-12-27,176.45973205566406,176.54779687853835,173.26970404402934,173.28926405046633,74919600,171.0249237060547,156.1078643798828,0.022974966516254858,175.44204711914062
2021-12-28,175.44204711914062,177.43827272382592,174.69836371754772,176.29338521436063,79144300,171.37230072021484,156.78620819091796,-0.005767236097822037,175.5301055908203
2021-12-29,175.5301055908203,176.7532777728696,174.316713410959,175.48117571727812,62348900,171.86646423339843,157.43289642333986,0.0005019234164538311,174.37545776367188
2021-12-30,174.37545776367188,176.69460283265636,174.2678179931173,175.61820512711046,59773000,171.75882568359376,158.01330291748047,-0.0065780614855894814,173.7589111328125
2021-12-31,173.7589111328125,175.38327203587528,173.45555196536426,174.2677398825443,64062300,172.27842559814454,158.57160766601564,-0.0035357420061655764,178.10366821289062
2022-01-03,178.10366821289062,178.9550062933326,173.89596741451703,174.0133871781769,104487900,173.34209747314452,159.21250701904296,0.02500451373545509,175.84324645996094
2022-01-04,175.84324645996094,179.01371442958575,175.27569272230144,178.71037008888723,99310400,174.31574096679688,159.82363739013672,-0.01269160694785787,171.16583251953125
2022-01-05,171.16583251953125,176.3031560396219,170.89184312629723,175.7551772531539,94537600,174.50459747314454,160.34219635009765,-0.026599906647507887,168.30848693847656
2022-01-06,168.30848693847656,171.53766438344002,167.95621276391145,168.99346035254746,96904000,174.1484115600586,160.79031951904298,-0.016693434308676314,168.474853515625
2022-01-07,168.474853515625,170.40257420223315,167.35932100577125,169.17940193566972,86709100,173.74623413085936,161.25095458984376,0.0009884621992308773,168.4944305419922
2022-01-10,168.4944305419922,168.79777487885306,164.56070430318124,165.4511773077938,106765600,172.9497039794922,161.63928405761717,0.00011620147433677452,171.32240295410156
2022-01-11,171.32240295410156,171.4202477771128,167.15383722500894,168.62164395189677,76138300,172.5377395629883,162.13830535888673,0.01678377381977958,171.7627410888672
2022-01-12,171.7627410888672,173.37732250749067,171.0679876032979,172.3400748149154,74805200,172.16100311279297,162.6625485229492,0.00257023090484898,168.4944305419922
2022-01-13,168.4944305419922,172.82934594142114,168.10300645305696,172.00737775161056,84505800,171.572900390625,163.10071044921875,-0.019028053034994552,169.3555450439453
2022-01-14,169.3555450439453,170.05029852382498,167.4180294399018,167.66266389110206,80440800,171.13256378173827,163.52736846923827,0.005110640744523165,166.15573120117188
2022-01-18,166.15573120117188,168.83691537487223,165.77410203397278,167.82902257608225,90956700,169.9377700805664,163.9003872680664,-0.018894060079007957,162.66236877441406
2022-01-19,162.66236877441406,167.4082840823907,162.3785993220683,166.35146124273905,94815000,168.61968231201172,164.19297119140626,-0.021024627928893147,160.97926330566406
2022-01-20,160.97926330566406,166.0383024176851,160.65634400941124,163.39625309442948,91420500,167.601025390625,164.4683316040039,-0.010347233237972708,158.92433166503906
2022-01-21,158.92433166503906,162.76019814543096,158.81669190708894,160.89118731707072,122848900,166.66260986328126,164.69535278320313,-0.012765194711589323,158.15126037597656
2022-01-24,158.15126037597656,158.8166737850042,151.37978119467465,156.58560899416545,162294600,165.6302505493164,164.96347137451173,-0.004864398553469318,156.3507537841797
2022-01-25,156.3507537841797,159.26679197315192,153.64999508546384,155.5679206315474,115798400,164.41588287353517,165.1965591430664,-0.011384712252792029,156.2626953125
2022-01-26,156.2626953125,160.86181974023197,154.43283450239605,159.99092174206848,108275300,162.909912109375,165.3863946533203,-0.0005632110466268214,155.80282592773438
2022-01-27,155.80282592773438,160.3236668366123,154.88299779290693,158.96349957568594,121954600,161.3139205932617,165.56683776855468,-0.002942924949847825,166.67434692382812
2022-01-28,166.67434692382812,166.69392186078738,159.30595841103175,162.15350702087153,179935700,161.1319122314453,165.94514038085939,0.069777431387132,171.02883911132812
2022-01-31,171.02883911132812,171.24411862639118,165.87194061535732,166.5079991576081,115541600,161.2992416381836,166.3618014526367,0.026125749210165194,170.86248779296875
2022-02-01,170.86248779296875,171.08754730875657,168.61184784118433,170.2753591337895,86213900,161.7699172973633,166.6894158935547,-0.0009726506899289111,172.06607055664062
2022-02-02,172.06607055664062,172.10522042730014,169.60994623393472,170.99946801633135,84914300,162.71028747558594,166.98865234375,0.007044160360875962,169.189208984375
2022-02-03,169.189208984375,172.45753715088262,168.42595056253245,170.73530076821885,89418100,163.53128204345703,167.22115295410157,-0.016719516886500974,168.9050750732422
2022-02-04,168.9050750732422,170.5805134014752,167.22963674500915,168.20942139418403,82465400,164.52935638427735,167.4403384399414,-0.0016793855402388314,168.18983459472656
2022-02-07,168.18983459472656,170.43353483823722,167.49418092340588,169.36557317059368,77251200,165.53321380615233,167.63484680175782,-0.0042345706794509885,171.29571533203125
2022-02-08,171.29571533203125,171.80520742660315,167.96443926792173,168.25837758980256,74829200,167.0277099609375,167.99187072753907,0.01846651876903671,172.71640014648438
2022-02-09,172.71640014648438,173.07891560572492,171.36429283315064,172.4910539110368,71285000,168.67308044433594,168.31018096923827,0.008293755694351868,168.64053344726562
2022-02-10,168.64053344726562,171.93261055270034,168.08206395678414,170.61970267650963,90865900,169.95685119628905,168.44794525146483,-0.02359860844576378,165.23086547851562
2022-02-11,165.23086547851562,169.58111126110254,164.64298876993468,168.8462728505392,98670700,169.8125030517578,168.52788879394532,-0.020218555403326066,165.4660186767578
2022-02-14,165.4660186767578,166.15186486791518,163.19291135712115,163.98653444619794,86185500,169.25622100830077,168.63230224609376,0.0014231796072796676,169.29696655273438
2022-02-15,169.29696655273438,169.45373566949445,166.80832036305304,167.5137664381475,62527400,169.09966888427735,168.85091064453124,0.023152475091942737,169.0618133544922
2022-02-16,169.0618133544922,169.83583650795123,166.612352178537,168.37596721528965,61177400,168.7992431640625,168.996708984375,-0.001388998297077837,165.4660186767578
2022-02-17,165.4660186767578,168.43476465088062,165.06430342539218,167.57254946752525,69589300,168.4269241333008,168.95590789794923,-0.021269112204508556,163.91793823242188
2022-02-18,163.91793823242188,167.0924302194162,162.83037691642315,166.38699918366942,82772700,167.92821044921874,168.8078186035156,-0.009355881387103082,160.99819946289062
2022-02-22,160.99819946289062,163.32028399061443,158.87205389872815,161.64484588368407,91162800,167.20904693603515,168.61151092529298,-0.01781219798769862,156.83413696289062
2022-02-23,156.83413696289062,162.79121451131508,156.52059869701176,162.19354527351996,90009200,165.76288909912108,168.2362219238281,-0.02586403148539429,159.4501495361328
2022-02-24,159.4501495361328,159.5579264390306,148.9272576589058,149.49553451506446,141147500,164.43626403808594,167.985859375,0.016680122222760607,161.5174560546875
2022-02-25,161.5174560546875,161.78198706491756,157.61790357800902,160.5278642931215,91974200,163.7239562988281,167.80443908691407,0.012965221572816432,161.78199768066406
2022-02-28,161.78199768066406,162.07593599497437,159.14637521454355,159.76364417956287,95056600,163.37906951904296,167.53104217529298,0.0016378516133079835,159.9008331298828
2022-03-01,159.9008331298828,163.23210951924372,158.69570233786408,161.37050993245586,83474400,162.82255096435546,167.35780059814454,-0.011627774274949987,163.19288635253906
2022-03-02,163.19288635253906,163.97671685818776,159.6558640904533,161.06675601055625,79724800,162.21214294433594,167.2723193359375,0.020588092996252305,162.86961364746094
2022-03-03,162.86961364746094,165.49544453294706,162.20336719835964,165.06433685396212,76678400,161.59292297363282,167.20757537841797,-0.0019809239992224503,159.87142944335938
2022-03-04,159.87142944335938,162.2033212553789,158.82306783943153,161.16475211398938,83737200,161.03346405029296,167.01945861816407,-0.018408493376740442,156.07969665527344
2022-03-07,156.07969665527344,161.68406601052743,155.8249430798264,160.05761991470098,96418800,160.24963989257813,166.7036456298828,-0.023717388411975793,154.25726318359375
2022-03-08,154.25726318359375,159.58729287941838,152.65041731502816,155.60937048225745,131148300,159.57554626464844,166.33885833740234,-0.011676300702357367,159.6558837890625
2022-03-09,159.6558837890625,160.10659124427465,156.1874531828048,158.21559935544633,91454900,159.85772094726562,166.0027813720703,0.03499751320651545,155.31546020507812
2022-03-10,155.31546020507812,157.1476526374479,152.82679892923494,156.96149116992498,105342000,159.44425201416016,165.60024963378908,-0.027186117297868906,151.60205078125
2022-03-11,151.60205078125,156.06007322521145,151.37670453340775,155.71714267170483,96970100,158.4527114868164,165.12168853759766,-0.023908820274072817,147.57513427734375
2022-03-14,147.57513427734375,151.0043799732345,147.06565710961667,148.38835719355112,108732100,157.0320251464844,164.5856820678711,-0.026562414447260818,151.9547576904297
2022-03-15,151.9547576904297,152.42506496258488,147.33998157862231,147.8494586979721,92964300,156.23741760253907,164.14959899902342,0.02967724498122526,156.3638153076172
2022-03-16,156.3638153076172,156.76553056777536,151.3375306500096,153.8751690879972,102300200,155.55451049804688,163.71480194091797,0.029015594405868317,157.37295532226562
2022-03-17,157.37295532226562,157.74527815418617,154.44340972475143,155.4035941882953,75615400,155.00484466552734,163.34539611816408,0.006453795033481091,160.66505432128906
2022-03-18,160.66505432128906,161.1549465596943,156.53036263312293,157.2652009907308,123511700,155.0842071533203,163.13538055419923,0.02091908989242741,162.0367431640625
2022-03-21,162.0367431640625,162.98713519470292,159.71464405141342,160.20453623420445,95811400,155.6799118041992,163.00994567871095,0.008537568101339543,165.40724182128906
2022-03-22,165.40724182128906,165.99510360566663,161.57628048257416,162.1641422669517,81532000,156.79490966796874,162.9485934448242,0.020800829437888302,166.7690887451172
2022-03-23,166.7690887451172,169.14995736748082,164.26082843202968,164.5939664492108,98062700,157.50623016357423,162.91408660888672,0.008233296854677663,170.5511016845703
2022-03-24,170.5511016845703,170.61967882805246,166.76913277034842,167.60194065734933,90131400,159.02979431152343,162.89866058349608,0.02267814118258693,171.18795776367188
2022-03-25,171.18795776367188,171.73663471959298,169.25778100424003,170.36494232979024,80546200,160.98838500976564,162.8871649169922,0.0037341070964138634,172.05015563964844
2022-03-28,172.05015563964844,172.17751745210523,168.52292563460833,168.68948719730128,90371900,163.4358871459961,162.95827941894532,0.005036556818832194,175.34225463867188
2022-03-29,175.34225463867188,175.39123190730578,172.77520887835874,173.11813946075333,100589400,165.7746368408203,163.07801361083983,0.019134530781353076,174.17630004882812
2022-03-30,174.17630004882812,175.979099995584,173.12792342578476,174.94053078604693,92633200,167.5558853149414,163.23842498779297,-0.006649592776404312,171.08016967773438
2022-03-31,171.08016967773438,174.4310308254092,170.8744083575564,174.2448693810398,103049300,168.92660675048828,163.4067810058594,-0.017775841892529565,170.7862548828125
2022-04-01,170.7862548828125,171.3447392929013,168.46417011530542,170.51191638497735,78751300,169.93872680664063,163.60292083740234,-0.0017179945254643947,174.83274841308594
2022-04-04,174.83274841308594,174.8817406281064,170.9136104166494,171.0409871856376,76468400,171.21832733154298,163.92108917236328,0.02369332082988751,171.52110290527344
2022-04-05,171.52110290527344,174.69561063609092,170.89404131095085,173.91177990560575,73401800,171.8297134399414,164.1884860229492,-0.018941791728789292,168.3563690185547
2022-04-06,168.3563690185547,170.1199840728932,166.69073839236125,168.87565359700926,89058800,171.98844146728516,164.4285983276367,-0.018450988438819427,168.66009521484375
2022-04-07,168.66009521484375,169.85543344405016,166.41639539463952,167.69991063657648,77594700,171.7993408203125,164.6765463256836,0.0018040671586092571,166.65155029296875
2022-04-08,166.65155029296875,168.30738857225097,165.77954264267717,168.30738857225097,76575500,171.3457000732422,164.89352081298827,-0.011908833084177117,162.39927673339844
2022-04-11,162.39927673339844,165.61296861541499,162.1543306146452,165.29944535757966,72246700,170.3806121826172,164.80801940917968,-0.0255159556097434,164.27069091796875
2022-04-12,164.27069091796875,166.43600652884118,163.2713064320056,164.62341397476007,79265200,169.27345581054686,164.6728564453125,0.01152353767955816,166.95529174804688
2022-04-13,166.95529174804688,167.58235330112555,163.39868377604554,164.00614545081112,70618900,168.55135498046874,164.59471252441406,0.016342543000678722,161.94859313964844
2022-04-14,161.94859313964844,167.80771592706967,161.70364698483297,167.17084695435335,75329400,167.63819732666016,164.39236297607422,-0.029988259467415235,161.73306274414062
2022-04-18,161.73306274414062,163.23213209405864,160.26338573831293,160.6063014028095,69023900,166.73287811279297,164.24324005126954,-0.0013308568560516099,164.0159454345703
2022-04-19,164.0159454345703,164.42746814637917,160.59650655333354,161.68406811950865,67723800,165.6511978149414,164.14545745849608,0.014115126812636714,163.84934997558594
2022-04-20,163.84934997558594,165.46600329408383,162.74220370933205,165.34841899344127,67929800,164.88402252197267,164.05864776611327,-0.001015727212027917,163.0557403564453
2022-04-21,163.0557403564453,168.06243992326603,162.55605562621574,165.49540922825548,87227800,164.3539596557617,163.89384826660157,-0.004843532301219811,158.51934814453125
2022-04-22,158.51934814453125,164.4764404677371,158.2352171809879,163.09495550660975,84882400,163.33988494873046,163.6099072265625,-0.02782111320949121,159.58731079101562
2022-04-25,159.58731079101562,159.87144172970685,155.2566649146805,157.862880430984,96046400,162.63346099853516,163.4288427734375,0.006737112276733903,153.63021850585938
2022-04-26,153.63021850585938,159.0582182667308,153.55183394880203,158.9700412464134,95623200,161.75655517578124,163.19682983398437,-0.0373281074518339,153.40489196777344
2022-04-27,153.40489196777344,156.55978483050606,152.2389458259476,152.75823050166923,88063200,160.66997528076172,162.95560729980468,-0.001466681101396361,160.33193969726562
2022-04-28,160.33193969726562,161.19415486672693,155.717147988404,156.030686213781,130216800,160.00764007568358,162.7763067626953,0.04515532484418672,154.4630126953125
2022-04-29,154.4630126953125,162.84017274008735,154.0711048951049,158.5683119363977,131747600,159.25908203125,162.4843307495117,-0.036604852489370954,154.76675415039062
2022-05-02,154.76675415039062,155.0312851805643,150.17156281104934,153.54202362072925,123055300,158.562451171875,162.27034545898437,0.001966434875106726,156.25604248046875
2022-05-03,156.25604248046875,157.46118829235783,153.15993453329665,154.95292717961667,88966500,157.78646087646484,162.1171075439453,0.009622792299636584,162.6638641357422
2022-05-04,162.6638641357422,163.11455673679546,156.0405098303941,156.44222515548867,108256500,157.66791229248048,162.15042083740235,0.041008472719219036,153.600830078125
2022-05-05,153.600830078125,160.76305283929582,151.8176149978829,160.53770657596968,130525300,156.72242126464843,162.08575469970702,-0.05571633322354941,154.32693481445312
2022-05-06,154.32693481445312,156.44638259515347,151.28513392702433,153.0807759379822,116124600,156.3031799316406,161.98329040527344,0.004727218830515412,149.20494079589844
2022-05-09,149.20494079589844,152.90416000742098,148.6456508199546,152.0210492953049,131577900,155.26494293212892,161.73704010009766,-0.03318924220657171,151.60888671875
2022-05-10,151.60888671875,153.79702661278662,150.05855128974193,152.59993235712582,115366700,155.06280975341798,161.53357788085938,0.016111704545628935,143.74932861328125
2022-05-11,143.74932861328125,152.53128118939546,143.07228159830737,150.61789721596364,142689800,154.09725341796874,161.21054779052736,-0.0518410119325593,139.88330078125
2022-05-12,139.88330078125,143.45495579096956,136.19390367446763,140.08936442340104,182602000,152.0523895263672,160.74435607910155,-0.02689423226755905,144.34786987304688
2022-05-13,144.34786987304688,145.3192870677171,140.42297369266063,141.87518108716213,113990900,151.04087524414064,160.3739212036133,0.031916383634516876,142.80734252929688
2022-05-16,142.80734252929688,144.7501769403197,141.4728772141811,142.8171643521235,86643800,149.84493408203124,160.03263946533204,-0.010672324746495265,146.43788146972656
2022-05-17,146.43788146972656,146.95792901438662,143.9259353445969,146.0650115425021,78336300,148.86311798095704,159.8398031616211,0.025422634971902003,138.1759796142578
2022-05-18,138.1759796142578,144.59317839270622,137.27324030149254,144.09275951105042,109742900,146.4143295288086,159.51817749023436,-0.056419157205417125,134.77113342285156
2022-05-19,134.77113342285156,139.00020681352638,134.03521536260072,137.2536291483144,136095600,144.53135986328124,159.02048248291015,-0.024641375446813996,135.00662231445312
2022-05-20,135.00662231445312,138.0582299092985,130.1201304167111,136.47845848613497,137426100,142.59932861328124,158.61430572509767,0.0017473244130306043,140.42298889160156
2022-05-23,140.42298889160156,140.5701665253798,135.06549843768857,135.20286921997902,117726300,141.72113342285155,158.39072448730468,0.04011926588706749,137.724609375
2022-05-24,137.724609375,139.3043807072169,134.75150167714628,138.1661572066265,104132700,140.33270568847655,158.19371398925782,-0.019216080913108557,137.88160705566406
2022-05-25,137.88160705566406,139.12775081330722,135.7425308510417,135.83083742178036,92482700,139.74593353271484,157.9122509765625,0.0011399391973339057,141.08038330078125
2022-05-26,141.08038330078125,141.62986633656274,134.56505664226245,134.81036263839988,90601500,139.86564178466796,157.6065823364258,0.02319944127011664,146.83038330078125
2022-05-27,146.83038330078125,146.8696256795322,142.5326166713653,142.6601806038178,90978500,140.1138931274414,157.39573089599608,0.04075690656255926,146.04541015625
2022-05-31,146.04541015625,147.831245433681,144.0829617048982,146.27110250820675,103718400,140.4376998901367,157.1033380126953,-0.005346122014292076,145.9178466796875
2022-06-01,145.9178466796875,148.8909545900905,144.90717205322113,147.08549081541827,74286600,140.3856964111328,156.7809600830078,-0.0008734507741532394,148.3708953857422
2022-06-02,148.3708953857422,148.429766433254,144.1025647736461,145.05435330119587,72348100,141.40518798828126,156.44023315429686,0.016811163006259955,142.6503448486328
2022-06-03,142.6503448486328,145.19171132509297,141.74762059734428,144.14179449565412,88570300,142.19310913085937,155.95785827636718,-0.03855574587075716,143.3961181640625
2022-06-06,143.3961181640625,145.78050099135527,142.17939464576176,144.2694071894969,71598400,143.0320587158203,155.41475860595702,0.005227981160655704,145.9178466796875
2022-06-07,145.9178466796875,146.20239508903217,141.39440285018887,141.63970888221743,67808200,143.5815444946289,154.90935638427734,0.017585751608281575,145.18191528320312
2022-06-08,145.18191528320312,147.05604181726716,144.6913032640919,145.79026939576806,53950200,144.32727508544923,154.37199157714844,-0.005043463930082925,139.9617919921875
2022-06-09,139.9617919921875,145.17208908244996,139.85385675234653,144.3184289860741,69473000,144.53529357910156,153.66438232421876,-0.035955740636379185,134.5552520751953
2022-06-10,134.5552520751953,138.117085018381,134.48655920841233,137.64610169004794,91437900,143.88278045654297,152.87196136474608,-0.038628684586247464,129.4038543701172
2022-06-13,129.4038543701172,132.6615109809625,128.97211331960065,130.37525676148604,122207100,142.14012756347657,152.03843505859376,-0.038284627508997526,130.26730346679688
2022-06-14,130.26730346679688,131.3760914682962,129.01133784221852,130.63036655754385,84784300,140.56231689453125,151.22805603027345,0.006672514515758454,132.88717651367188
2022-06-15,132.88717651367188,134.7613181921413,129.67858439406757,131.76858160626196,91533000,139.25924987792968,150.38914459228516,0.020111516682639996,127.61801147460938
2022-06-16,127.61801147460938,129.90426555728718,126.61715864214314,129.60008846415832,108123900,137.1839614868164,149.51108276367188,-0.0396514184235105,129.08982849121094
2022-06-17,129.08982849121094,130.58129318016776,127.37268647196602,127.62781429709099,134520300,135.82790985107422,148.725751953125,0.011532988169890013,133.3188934326172
2022-06-21,133.3188934326172,134.48655232988557,130.81678433537272,130.91489774710016,81000500,134.8201873779297,148.01892791748048,0.03276063645629668,132.80870056152344
2022-06-22,132.80870056152344,135.17343948860204,131.395735327504,132.2592024365102,73409200,133.50927276611327,147.34207092285158,-0.0038268609793975505,135.6738739013672
2022-06-23,135.6738739013672,135.98785785879153,133.08344262037107,134.25110181028134,72433800,132.5584686279297,146.80756286621093,0.0215736870229859,139.00021362304688
2022-06-24,139.00021362304688,139.24551965514786,137.1457006192552,137.27324957478913,89116800,132.46231079101562,146.3021533203125,0.024517172142500154,139.00021362304688
2022-06-27,139.00021362304688,140.79585557470105,138.32316657888146,140.02068012877845,70207900,132.90680694580078,145.7430517578125,0.0,134.85943603515625
2022-06-28,134.85943603515625,140.72715167094702,134.74169394010806,139.46137923230657,67083400,133.45236511230468,145.20126861572265,-0.029789721036831973,136.61582946777344
2022-06-29,136.61582946777344,138.02879459026983,134.1038981265762,134.87907356263912,66242400,134.08721771240235,144.6989239501953,0.013023882378978113,134.1529998779297
2022-06-30,134.1529998779297,135.77201413346887,131.25839092017685,134.6730476071536,98964500,134.21380004882812,144.1016650390625,-0.01802741014301501,136.32142639160156
2022-07-01,136.32142639160156,136.4293616172376,133.11283508569903,133.4856899787513,71051600,135.08414154052736,143.55110656738282,0.01616383171188862,138.902099609375
2022-07-05,138.902099609375,138.9511638153359,134.3590266331402,135.18326636531972,73353800,136.06536865234375,143.0680337524414,0.018930796765286972,140.23655700683594
2022-07-06,140.23655700683594,141.41402301996357,138.4311081218874,138.69604284083624,74064300,136.75713500976562,142.7023779296875,0.009607179453829273,143.60215759277344
2022-07-07,143.60215759277344,143.79839942455877,140.58979232323185,140.5995991745189,66253700,137.83648071289062,142.38267486572266,0.023999452480664152,144.27919006347656
2022-07-08,144.27919006347656,144.7796239540416,142.2774994180926,142.5326123028861,64547800,138.69701232910157,142.195654296875,0.004714639961211908,142.14993286132812
2022-07-11,142.14993286132812,143.88670373849325,141.08040216848238,142.93491514840724,63141600,139.0119842529297,141.9705551147461,-0.014757895447095715,143.12135314941406
2022-07-12,143.12135314941406,145.66272006961017,142.32656399441228,143.02322474684678,77588800,139.4240982055664,141.62634338378905,0.006833772401662719,142.75827026367188
2022-07-13,142.75827026367188,143.70023682096436,139.45153554732983,140.30521051946872,71185600,140.21398162841797,141.39224853515626,-0.0025368882962079065,145.68231201171875
2022-07-14,145.68231201171875,146.1532952862436,140.56032211285975,141.3747397374832,78140700,141.1206298828125,141.21055969238282,0.020482468319672265,147.3503875732422
2022-07-15,147.3503875732422,148.02743444283934,145.41737534090672,146.96771086072485,76259900,142.44036865234375,141.03244659423828,0.011450089846111622,144.30860900878906
2022-07-18,144.30860900878906,148.7241166459646,143.94554597746492,147.9096989962109,81420900,143.2390869140625,140.66534149169922,-0.020643166363856214,148.16485595703125
2022-07-19,148.16485595703125,148.3905333334654,144.1516525247905,145.14268358851726,82982400,144.1653625488281,140.55662200927733,0.026722223814154678,150.16653442382812
2022-07-20,150.16653442382812,150.83377461851506,147.5466677906739,148.28258588894056,64823400,145.15836029052736,140.47341400146485,0.013509806045891137,152.4331512451172
2022-07-21,152.4331512451172,152.64902171844827,149.0871738807754,151.59910487340264,65086600,146.0414596557617,140.5379782104492,0.015094020981344602,151.19680786132812
2022-07-22,151.19680786132812,153.3456908921451,150.52958270466215,152.47240210045547,66675400,146.73322143554688,140.5297366333008,-0.008110725086310056,150.07823181152344
2022-07-25,150.07823181152344,152.1289867062053,149.42081342303993,151.11832702232695,53623900,147.52605133056642,140.65631469726563,-0.007398145937251521,148.75355529785156
2022-07-26,148.75355529785156,150.21556938623502,147.96857315136768,149.4011517193333,55138700,148.08927154541016,140.83371978759766,-0.008826573299021034,153.84613037109375
2022-07-27,153.84613037109375,154.37599980512033,149.30307266450654,149.7151850174758,78620700,149.19805755615235,141.0236849975586,0.03423498055589502,154.39559936523438
2022-07-28,154.39559936523438,154.68014773185416,151.5107984661639,154.03253631118739,81378700,150.06938629150392,141.25545013427734,0.003571549006889274,159.458740234375
2022-07-29,159.458740234375,160.55772152561576,156.50526076605678,158.2125962735302,101786900,151.28022155761718,141.51586730957033,0.03279329780095219,158.47752380371094
2022-08-01,158.47752380371094,160.51847204780725,157.86916955763294,157.98691167692704,67829400,152.69711303710938,141.92189819335937,-0.006153418929698451,157.00564575195312
2022-08-02,157.00564575195312,159.36059231885778,156.63279081571793,157.09396729027588,59907000,153.58119201660156,142.3665884399414,-0.009287613892685953,163.01077270507812
2022-08-03,163.01077270507812,163.46212742924678,157.73178199101062,157.82008857109244,82507500,154.86561584472656,142.9266714477539,0.038247840861801,162.6967315673828
2022-08-04,162.6967315673828,164.05082533305747,161.34263780170815,162.8929733518443,55474100,155.89197387695313,143.37214630126954,-0.0019265054234389734,162.47076416015625
2022-08-05,162.47076416015625,162.96205765324038,160.16167874542583,160.3680286094797,56697000,157.01936950683594,143.86706939697265,-0.001388887195517996,161.99911499023438
2022-08-08,161.99911499023438,164.88792318870864,161.34078349494277,163.47299550022427,60276900,158.21145782470703,144.34941955566407,-0.0029029787134929874,162.0482177734375
2022-08-09,162.0482177734375,162.93255491393657,160.407299570872,161.16389562602356,63135500,159.54092407226562,144.76877624511718,0.00030310525589039017,166.29306030273438
2022-08-10,166.29306030273438,166.3913100252121,163.99379489901474,164.76021170255777,70170500,160.78561706542968,145.15802978515626,0.02619493498676828,165.55612182617188
2022-08-11,165.55612182617188,168.01258981282774,165.26134266915503,167.0987759253846,57149200,161.90166931152345,145.5482440185547,-0.004431564824298184,169.10324096679688
2022-08-12,169.10324096679688,169.1720142653812,166.45024387983412,166.86294364369544,68039400,162.86611938476562,146.01195190429686,0.021425478571848622,170.17422485351562
2022-08-15,170.17422485351562,170.37073923171536,168.3662685851405,168.53330655626456,54091700,164.0357894897461,146.44801849365234,0.006333313782726613,170.0170440673828
2022-08-16,170.0170440673828,170.6852110892498,168.67090454328755,169.77139729331643,56377100,165.33692932128906,146.99535247802734,-0.0009236462588156913,171.51055908203125
2022-08-17,171.51055908203125,173.08268924248625,169.56504107416526,169.76155547008622,79542000,166.18690795898436,147.55764129638672,0.008784501711819548,171.11752319335938
2022-08-18,171.11752319335938,171.85446345688476,170.10545976423154,170.72449438338106,62290100,167.02898712158202,148.06163482666017,-0.0022916133605738187,168.53335571289062
2022-08-19,168.53335571289062,170.71470043124475,168.3270058100883,170.01705694310306,70346300,167.63524627685547,148.5286636352539,-0.015101711573680787,164.65213012695312
2022-08-22,164.65213012695312,166.9022480242965,164.22960987091767,166.73521001384654,69026800,167.90054779052736,149.0224703979492,-0.02302942090911342,164.31802368164062
2022-08-23,164.31802368164062,165.7722632709113,163.74812140904885,164.17064162540487,54147100,168.12752838134764,149.61772583007811,-0.0020291656418589543,164.61282348632812
2022-08-24,164.61282348632812,165.1827258305819,163.355113138006,164.4064885816526,53841500,167.95950469970703,150.32190521240236,0.0017940807592637942,167.0692901611328
2022-08-25,167.0692901611328,167.17737534622174,165.41855096314578,165.841056236527,51218200,168.11082153320314,151.05794494628907,0.01492269327977791,160.7708740234375
2022-08-26,160.7708740234375,168.07150295198872,160.71192120457525,167.59986540800332,78961000,167.2775848388672,151.61561889648436,-0.03769942478130306,158.56991577148438
2022-08-29,158.56991577148438,160.0634374134409,157.03708224821386,158.3439099366534,73314000,166.11715393066407,152.23465698242188,-0.013690031016639681,156.14292907714844
2022-08-30,156.14292907714844,159.72936621122975,154.9736479587286,159.30686092942906,77906200,164.72974243164063,152.77571899414062,-0.015305467512724658,154.4823455810547
2022-08-31,154.4823455810547,157.78383884788298,154.40373681361956,157.5185361319256,87991100,163.02692108154298,153.1989880371094,-0.010635022065413335,155.20944213867188
2022-09-01,155.20944213867188,155.66142374222144,151.97672265788725,153.91242016030444,74229900,161.4361129760742,153.64700286865235,0.004706664408042016,153.09686279296875
2022-09-02,153.09686279296875,157.56763619543025,152.27149339367668,156.9682575855211,76957800,159.89246368408203,153.99546264648438,-0.013611152237862134,151.83917236328125
2022-09-06,151.83917236328125,154.35459275815265,151.0138028574181,153.7453935980758,73714800,158.61116790771484,154.25224182128906,-0.008214998052496147,153.2442626953125
2022-09-07,153.2442626953125,153.94189101263512,150.9351774352468,152.1241142058328,87449600,157.50379180908203,154.5371228027344,0.009253806578117585,151.77040100097656
2022-09-08,151.77040100097656,153.6373103822705,150.02138227376568,151.94725947173376,84923800,156.21954956054688,154.87534210205078,-0.009617728379602286,154.62974548339844
2022-09-09,154.62974548339844,155.07192172535514,152.0553717736149,152.76283576903634,68028800,154.97559509277343,155.23562042236327,0.018839934951502713,160.58416748046875
2022-09-12,160.58416748046875,161.39971639450192,156.52609383916058,156.81103743896202,104956000,154.95692443847656,155.76424377441407,0.03850761041128137,151.1611785888672
2022-09-13,151.1611785888672,157.7445084078153,150.6993615052029,157.11565333541313,122656600,154.21605072021484,156.06103881835938,-0.05867943919656737,152.60560607910156
2022-09-14,152.60560607910156,154.36444545311878,150.93521094229624,152.09465656902455,87965400,153.86231842041016,156.3351089477539,0.00955554530414826,149.71678161621094
2022-09-15,149.71678161621094,152.5368165999088,148.74403004784534,151.9570788549336,90481100,153.3857620239258,156.5247134399414,-0.01893000222674146,148.07586669921875
2022-09-16,148.07586669921875,148.71455728301882,145.78643705402317,148.57699569456918,162278800,152.67240447998046,156.61418762207032,-0.010960126842684659,151.79000854492188
2022-09-19,151.79000854492188,151.8686172901009,146.5037016211282,146.71003645827363,81474200,152.54171905517578,156.76440399169923,0.025082695300021607,154.16790771484375
2022-09-20,154.16790771484375,155.3273682721185,150.41443284470995,150.7288529156578,107689800,152.77459259033202,157.00476348876953,0.01566571602911626,151.0432891845703
2022-09-21,151.0432891845703,155.97588059110078,150.92538353116046,154.60024966459952,101696800,152.55449523925782,157.16320220947264,-0.0202676327167447,150.08033752441406
2022-09-22,150.08033752441406,151.78020876552435,148.28220159016286,149.7266056194288,86652500,152.38548889160157,157.3096435546875,-0.0063753356097771,147.810546875
2022-09-23,147.810546875,148.8324456934816,145.9731140864417,148.55732254844892,96029900,151.7035690307617,157.35220825195313,-0.015123837584952282,148.14463806152344
2022-09-26,148.14463806152344,151.09239889982268,147.0343100146429,147.05396595162924,93339400,150.4596160888672,157.36809326171874,0.0022602662231265835,149.1173858642578
2022-09-27,149.1173858642578,152.02584974992726,147.33890593458156,150.08033184270485,84442700,150.25523681640624,157.46426879882813,0.006566203242066804,147.2308349609375
2022-09-28,147.2308349609375,148.01690757279204,142.31789987820665,145.06914652315353,146691400,149.71775970458984,157.44558837890625,-0.01265144833639753,139.99899291992188
2022-09-29,139.99899291992188,144.16516723784525,138.2303333041484,143.55596808972413,128138200,148.74598083496093,157.24223754882811,-0.049119072393594254,135.7935028076172
2022-09-30,135.7935028076172,140.60818747966655,135.59698843169565,138.8198721746833,124925300,147.5177444458008,156.90944458007812,-0.03003943117440988,139.96951293945312
2022-10-03,139.96951293945312,140.57872706512543,135.2924042908768,135.80335372086685,114311700,146.3356948852539,156.68489868164062,0.030752650498693024,143.55596923828125
2022-10-04,143.55596923828125,143.67387488258018,141.7479977315321,142.504593932989,87830100,145.27450103759764,156.55445343017578,0.025623124804181607,143.85073852539062
2022-10-05,143.85073852539062,144.81368463210958,140.51976901629106,141.56132388640066,79471000,144.55524597167968,156.45639709472655,0.002053340510139945,142.8976287841797
2022-10-06,142.8976287841797,144.97088807825529,142.69129389793306,143.27101666436323,68402200,143.83697509765625,156.23742706298827,-0.006625685422134375,137.6505889892578
2022-10-07,137.6505889892578,140.60818501990053,137.0217340014585,140.05792378662625,85925600,142.82097930908202,155.90252685546875,-0.03671887238133642,137.97486877441406
2022-10-10,137.97486877441406,139.4192729060871,136.15709176712548,137.97486877441406,74899000,141.8040023803711,155.47284942626953,0.0023558183625465023,136.55992126464844
2022-10-11,136.55992126464844,138.88866238055874,135.81316062854552,137.4638994009055,77033700,140.54825592041016,155.0344973754883,-0.010255110385928523,135.9311065673828
2022-10-12,135.9311065673828,137.91593686444165,135.7542480720767,136.70735883391194,70433700,139.41828308105468,154.61300659179688,-0.004604679699887981,140.5001678466797
2022-10-13,140.5001678466797,141.08971124937983,132.03025485879098,132.63946919926846,113224000,139.46840057373046,154.1627944946289,0.033613066167690775,135.9704132080078
2022-10-14,135.9704132080078,142.00349764686453,135.78371925254498,141.79714775053986,88598000,139.48609161376953,153.6282681274414,-0.03224020802320293,139.9302215576172
2022-10-17,139.9302215576172,140.41167960335844,137.82748592791265,138.61355854500806,85250900,139.48216247558594,153.17745727539062,0.029122573478920444,141.24688720703125
2022-10-18,141.24688720703125,144.1455159806622,138.1615644966325,142.95659405664904,99136600,139.25125427246093,152.76241271972657,0.009409444469949069,141.35496520996094
2022-10-19,141.35496520996094,142.42598143245377,139.03605931008337,139.22275323737964,61758300,139.00167694091797,152.34854766845703,0.0007651708654738965,140.8931427001953
2022-10-20,140.8931427001953,143.34961008460004,140.16602295690015,140.52959032509128,64522000,138.80122833251954,151.84054931640625,-0.003267112047176113,144.70559692382812
2022-10-21,144.70559692382812,145.27549920361895,140.1660346242772,140.38220497154572,86548600,139.50672912597656,151.42353881835936,0.027059189330067568,146.84767150878906
2022-10-24,146.84767150878906,147.61408841650643,143.4577482641787,144.62702957015827,75981900,140.39400939941407,150.97842742919923,0.014802983647470791,149.68731689453125
2022-10-25,149.68731689453125,149.83471395703802,146.75921150175503,147.476495894735,74732300,141.70674896240234,150.56868927001952,0.01933735384814894,146.74937438964844
2022-10-26,146.74937438964844,149.34340346890698,145.4621728259598,148.33134005875115,88194300,142.7885757446289,150.10333587646485,-0.019627197319281642,142.2786102294922
2022-10-27,142.2786102294922,146.45460526216635,141.6202786941001,145.49167413504986,109180200,142.96641998291017,149.51869689941407,-0.03046530302940509,153.0281219482422
2022-10-28,153.0281219482422,154.75746986477446,145.24603383421282,145.619406740808,164762400,144.67219085693358,149.1569088745117,0.07555254933549937,150.66989135742188
2022-10-31,150.66989135742188,151.55422867895751,149.27461957607085,150.49303288896766,97943200,145.74615783691405,148.79963958740234,-0.015410439341455917,148.0267333984375
2022-11-01,148.0267333984375,152.74315424703352,146.5332118743015,152.3796018355527,80379300,146.42414245605468,148.46713165283202,-0.017542708335232193,142.50460815429688
2022-11-02,142.50460815429688,149.5202795588878,142.47513174028055,146.35634784769096,93604600,146.5391067504883,148.03086334228516,-0.03730491862761676,136.46170043945312
2022-11-03,136.46170043945312,140.31344004952294,136.33395931941936,139.58632020230726,97918500,146.09596252441406,147.46784088134766,-0.042404998639067104,136.1959686279297
2022-11-04,136.1959686279297,140.4182534262788,132.25910018387182,139.84740569973505,140814800,145.24499969482423,146.8503744506836,-0.0019472995768606838,136.72744750976562
2022-11-07,136.72744750976562,136.95381325392813,133.52874170596672,134.94601683421618,83374600,144.23297729492188,146.36950592041015,0.0039023099375861126,137.29827880859375
2022-11-08,137.29827880859375,139.19781051108808,135.32000793975288,138.19391993058036,89908500,142.99407348632812,145.94407318115233,0.0041749576198835125,132.7413787841797
2022-11-09,132.7413787841797,136.36330615762654,132.46579914921745,136.31409229039105,74917800,141.59327392578126,145.47604217529297,-0.0331897825956492,144.5519561767578
2022-11-10,144.5519561767578,144.5519561767578,137.2982811810409,139.0108242882595,118854000,141.82060852050782,145.27743438720702,0.08897434621182132,147.33729553222656
2022-11-11,147.33729553222656,147.64240042758996,142.09141663457416,143.51854343102002,93979700,141.25152587890625,145.11999145507812,0.01926877663324622,145.939697265625
2022-11-14,145.939697265625,147.90813128864986,145.10310679865555,146.61880940644215,73374100,140.77850646972655,144.97684814453126,-0.009485705988785953,147.6719207763672
2022-11-15,147.6719207763672,151.16589433590542,146.2152837355369,149.81752177217496,89868300,140.74302520751954,144.89350311279296,0.01186944706065396,146.44166564941406
2022-11-16,146.44166564941406,147.5046219917799,144.96533989912186,146.7763108997982,64218300,141.13673095703126,144.757451171875,-0.008331002403742072,148.34120178222656
2022-11-17,148.34120178222656,149.08920136807347,143.84332244877638,144.1189020339811,80389400,142.3246810913086,144.6888671875,0.012971281939390344,148.9021759033203
2022-11-18,148.9021759033203,150.28992540848853,147.60301733738748,149.90608139833125,74829600,143.59530181884764,144.57431579589843,0.0037816474071532546,145.67393493652344
2022-11-21,145.67393493652344,147.9966873729924,145.3885186493538,147.79001023834212,58724100,144.48995056152344,144.27611114501954,-0.021680280675635766,147.80970764160156
2022-11-22,147.80970764160156,148.04592513732047,144.6110022662971,145.7920747269315,51804100,145.5410934448242,144.20908172607423,0.0146613236335571,148.68568420410156
2022-11-23,148.68568420410156,149.4336837921187,146.98297781162248,147.09124229312135,58301400,147.1355239868164,144.13068328857423,0.0059263804554976485,145.7724151611328
2022-11-25,145.7724151611328,146.53026663651238,144.79803469278767,145.9692556043843,35195900,147.2575698852539,144.05179595947266,-0.019593473699658248,141.9438018798828
2022-11-28,141.9438018798828,144.32560563619245,141.1170630589414,142.84927987681326,69246000,146.71822052001954,143.92915466308594,-0.026264319466875463,138.94189453125
2022-11-29,138.94189453125,142.5244433578434,138.13484450256723,142.012646377485,83763800,146.01844024658203,143.6721923828125,-0.021148562380857716,145.6936492919922
2022-11-30,145.6936492919922,146.37276146207836,138.33170993361605,139.16828541868128,111380900,145.82061309814452,143.50270721435547,0.04859408879892313,145.96923828125
2022-12-01,145.96923828125,146.77630352615344,144.29607218523327,145.87082558028513,71250400,145.77337036132812,143.40122619628906,0.001891564873260032,145.47711181640625
2022-12-02,145.47711181640625,145.66411544857186,143.35119950014382,143.65631938407483,65447400,145.4869613647461,143.30916168212892,-0.0033714395624613314,144.31573486328125
2022-12-05,144.31573486328125,148.53801893223152,143.4693076933105,145.43774157529282,68826400,145.0283172607422,143.23926544189453,-0.007983228004902032,140.6544647216797
2022-12-06,140.6544647216797,144.97517704731527,139.68008441838234,144.74881132681773,64727200,144.5263702392578,143.08946197509766,-0.025369861055484333,138.71556091308594
2022-12-07,138.71556091308594,141.10720126498546,137.79039443330282,139.9458322919547,69721100,143.61695556640626,142.8814254760742,-0.013784872115011448,140.39854431152344
2022-12-08,140.39854431152344,141.25482328488022,138.8730200272998,140.1131279990439,62128300,142.78824157714843,142.74477966308595,0.01213262151239114,139.9163055419922
2022-12-09,139.9163055419922,143.2724894333561,138.6761823933455,140.09345741010685,76097000,142.20263061523437,142.74312591552734,-0.0034347846831035422,142.2095184326172
2022-12-12,142.2095184326172,142.21935519606154,138.8336463442299,140.44776160871248,70462700,142.2292022705078,142.87144622802734,0.016389890240039007,143.1740264892578
2022-12-13,143.1740264892578,147.603002317918,141.96344396778542,147.1404191965991,93886200,142.65241546630858,142.93553649902344,0.006782303092444764,140.94973754882812
2022-12-14,140.94973754882812,144.34528354143862,138.93208948952125,143.05596154285573,82291200,142.1780242919922,142.88341186523436,-0.015535561826198752,134.34559631347656
2022-12-15,134.34559631347656,139.56194847795751,133.8830132053196,138.88283646734595,98931900,141.01566009521486,142.69330902099608,-0.04685458341533799,132.38702392578125
2022-12-16,132.38702392578125,135.47746472052233,131.61933586337778,134.5326248058533,160156900,139.70665130615234,142.48309692382813,-0.01457861248481307,130.2808074951172
2022-12-19,130.2808074951172,133.06614357854048,129.24739159594094,132.9775676474043,79592600,138.30315856933595,142.3357012939453,-0.01590953832336961,130.2119140625
2022-12-20,130.2119140625,131.14691722297425,127.83994745250583,129.31627297471567,77432800,137.25890350341797,142.18044219970704,-0.0005288072275708711,133.31219482421875
2022-12-21,133.31219482421875,134.6507305969255,130.65481182459862,130.88117753836192,85928000,136.71856689453125,142.11548767089843,0.023809501488708973,130.14303588867188
2022-12-22,130.14303588867188,132.43626376220547,128.24350390512237,132.2295865606811,77852100,135.6930160522461,141.99972625732423,-0.023772460874458057,129.77886962890625
2022-12-23,129.77886962890625,130.3300288114699,127.5939064280565,128.85370313619094,63814900,134.6792724609375,141.78530029296874,-0.002798200128642625,127.97772216796875
2022-12-27,127.97772216796875,129.33594629425505,126.68840043322825,129.30642098872343,69007800,133.25609283447267,141.62544647216797,-0.013878587986532409,124.05072021484375
2022-12-28,124.05072021484375,128.9619612841453,123.883405115354,127.62342547026658,85438400,131.34376220703126,141.3078564453125,-0.030685043354427566,127.56439208984375
2022-12-29,127.56439208984375,128.4206562494189,125.71406645421771,125.9699575201466,75703700,130.0052276611328,141.03420654296875,0.02832447783386227,127.87930297851562
2022-12-30,127.87930297851562,127.89899152283257,125.41876807644428,126.38330400552722,77034200,129.3585983276367,140.76469329833984,0.0024686425695510383,123.09601593017578
2023-01-03,123.09601593017578,128.83399514878522,122.21021915687207,128.2237854341601,112117500,128.42949752807618,140.40875076293946,-0.03740470065858481,124.36565399169922
2023-01-04,124.36565399169922,126.62935597280962,123.10585750129947,124.88728777203856,89113600,127.83798217773438,140.00195190429687,0.010314209212454184,123.04680633544922
2023-01-05,123.04680633544922,125.75340309203497,122.79091532129203,125.12350481122068,80962700,127.1214714050293,139.52593460083008,-0.010604597120825843,127.57418823242188
2023-01-06,127.57418823242188,128.2336117453076,122.91884655664052,124.02117217456781,87754700,126.54767074584962,139.08367202758788,0.03679398134584777,128.09585571289062
2023-01-09,128.09585571289062,131.30441322455866,127.83996466106093,128.4108124086458,70790800,126.34295272827148,138.71060165405274,0.004089130314655298,128.6666717529297
2023-01-10,128.6666717529297,129.1883055110105,126.09786503081405,128.20408860626057,63896200,126.23173294067382,138.4383628845215,0.004456163213574005,131.3831024169922
2023-01-11,131.3831024169922,131.4027759395212,128.40092679663005,129.1784514392973,69458900,126.57227096557617,138.0054624938965,0.021112154585599896,131.30438232421875
2023-01-12,131.30438232421875,132.14095769176564,129.36547379890666,131.76696547602162,71379600,127.29763717651367,137.61815231323243,-0.0005991645145019264,132.633056640625
2023-01-13,132.633056640625,132.7905349401524,129.5819934315568,129.9461488585014,57809700,127.8045036315918,137.31027877807617,0.010119040148450331,133.7944793701172
2023-01-17,133.7944793701172,135.12316348796887,132.01304876349633,132.70199775252627,63646600,128.39602127075196,137.1360762023926,0.008756661113821007,133.0760040283203
2023-01-18,133.0760040283203,136.42233624485746,132.898837136548,134.6605941996835,69672800,129.3940200805664,137.0683622741699,-0.00536999243301628,133.1350555419922
2023-01-19,133.1350555419922,134.0995841255356,131.6587298451973,131.9638347529944,58280400,130.2709602355957,137.00714401245116,0.00044374276266445634,135.69400024414062
2023-01-20,135.69400024414062,135.84164181281548,132.10161400912494,133.14488168206822,80223600,131.53567962646486,136.98647506713868,0.019220668003111507,138.88284301757812
2023-01-23,138.88284301757812,141.05796890647485,135.7235002594527,135.9400291721196,81760300,132.66654510498046,137.01816635131837,0.02350024885182944,140.2804412841797
2023-01-24,140.2804412841797,140.90050277108796,138.08564168128757,138.0954784443646,66435100,133.88500366210937,137.16894760131837,0.010063145571009624,139.6210174560547
2023-01-25,139.6210174560547,140.18201330953534,136.61915274790366,138.6663258108729,65799300,134.98043823242188,137.0703288269043,-0.004700753876223818,141.68789672851562
2023-01-26,141.68789672851562,141.9733130723702,139.66039693887691,140.91035682918778,54105100,136.01091766357422,136.95734085083006,0.014803496709308028,143.62677001953125
2023-01-27,143.62677001953125,144.9062550377642,140.82176076743906,140.90049992434123,70555800,137.24315643310547,136.9110823059082,0.013684113716012414,140.74302673339844
2023-01-30,140.74302673339844,143.2527830109075,140.59540019505755,142.67209860282117,64015300,138.0541534423828,136.77250442504882,-0.020078034796303434,142.01271057128906
2023-01-31,142.01271057128906,142.06192444090843,140.0344391634921,140.44780863595872,65874500,138.8759765625,136.68392532348633,0.009021291266498865,143.1346893310547
2023-02-01,143.1346893310547,144.29607334830789,139.08957136310852,141.69774073810188,77663600,139.88184509277343,136.57979507446288,0.007900551684790313,148.4396209716797
2023-02-02,148.4396209716797,148.79392468833726,145.83143680858885,146.54991104174482,118339000,141.41230163574218,136.57054397583008,0.037062515490953185,152.06153869628906
2023-02-03,152.06153869628906,154.8960886893848,145.496812581912,145.6936529941079,154357300,143.04905548095704,136.69829605102538,0.02439993918672423,149.33526611328125
2023-02-06,149.33526611328125,150.6836538403975,148.4002628109197,150.1620199448286,69858300,144.09429779052735,136.72880722045898,-0.017928745206590158,152.20913696289062
2023-02-07,152.20913696289062,152.77998456473935,148.26243261630023,148.26243261630023,83322600,145.28716735839845,136.79927627563475,0.019244421792701916,149.522216796875
2023-02-08,149.522216796875,152.14023713020924,148.7840541853079,151.45128836300464,64120100,146.27728729248048,136.87427230834962,-0.017652817824403755,148.48883056640625
2023-02-09,148.48883056640625,151.89422837459855,148.0459358705389,151.3529059605557,56007100,146.95738067626954,137.00517288208007,-0.006911255414789652,148.85353088378906
2023-02-10,148.85353088378906,149.17882019931434,147.08909918660703,147.32567733632254,57450700,147.4800567626953,137.20340560913087,0.0024560791272425497,151.6529998779297
2023-02-13,151.6529998779297,152.05713357186568,148.76483299254943,148.79440338379132,62199000,148.57105407714843,137.3225926208496,0.018806869931262682,151.0122833251953
2023-02-14,151.0122833251953,151.57415087909246,148.70570240485208,149.94770404483108,61707600,149.47101135253905,137.4234535217285,-0.004224885450667681,153.11184692382812
2023-02-15,153.11184692382812,153.27941747242824,150.69683660205456,150.92354792770303,65573800,150.4687271118164,137.57614822387694,0.01390326371075079,151.5149688720703
2023-02-16,151.5149688720703,154.09754945424802,151.16010920849044,151.31781291605773,68167900,150.77626190185546,137.72013290405275,-0.010429487226760736,150.37156677246094
2023-02-17,150.37156677246094,150.8151376986906,148.69584602843153,150.17442580979125,59144100,150.60726470947264,137.91447494506835,-0.007546462954262867,146.3596649169922
2023-02-21,146.3596649169922,149.1394018439348,146.29067235544917,148.05510409777494,58867200,150.30970458984376,138.0673570251465,-0.02667992321673074,146.7835235595703
2023-02-22,146.7835235595703,147.80866542554767,145.0585140913541,146.74408634882758,51011300,149.76714324951172,138.19505661010743,0.002896007194458372,147.2665252685547
2023-02-23,147.2665252685547,148.1931042440918,145.1373820304515,147.94667430552937,48394200,149.54157409667968,138.34206100463868,0.00329057170226843,144.6149444580078
2023-02-24,144.6149444580078,145.0880857046954,143.6390765358812,145.0092263234326,55469600,149.15418548583983,138.3901695251465,-0.01800531930600968,145.80767822265625
2023-02-27,145.80767822265625,147.03982803359767,145.344388690471,145.6006854773172,44998500,148.84960021972657,138.44284255981447,0.008247652198869249,145.30496215820312
2023-02-28,145.30496215820312,146.95111245136155,144.73324285815977,144.9501024216552,50547000,148.2147964477539,138.52994705200194,-0.003447802410552425,143.2349090576172
2023-03-01,143.2349090576172,145.12748883698703,142.9391901768966,144.73320702328428,55479000,147.4370590209961,138.70773330688476,-0.01424626571480836,143.8263702392578
2023-03-02,143.8263702392578,144.61494903595985,141.84506394442167,142.31822024697658,52238100,146.50851135253907,138.93652023315428,0.004129308878205951,148.87322998046875
2023-03-03,148.87322998046875,148.952089353373,145.2260704687506,145.9259229618336,70732300,146.2443374633789,139.30836868286133,0.03508994722466685,151.63327026367188
2023-03-06,151.63327026367188,154.06799923846452,151.26855877090114,151.59383305095145,87558000,146.3705078125,139.73679580688477,0.018539533827305554,149.4351348876953
2023-03-07,149.4351348876953,151.83042689733767,148.97184535612897,151.50513754277677,56182000,146.6780548095703,140.0592546081543,-0.01449639232969302,150.68698120117188
2023-03-08,150.68698120117188,151.278419098267,149.66183922588297,150.62784041964048,47204800,147.06840057373046,140.4701335144043,0.008377188633833299,148.43954467773438
2023-03-09,148.43954467773438,152.33313497413033,148.08468493947933,151.3671337581158,53833600,147.18570251464843,140.84334701538086,-0.014914603143035277,146.3793487548828
2023-03-10,146.3793487548828,148.78450679079776,145.5020589835092,148.06493575247444,68572400,147.36214294433594,141.21137954711915,-0.013879023459175244,148.32127380371094
2023-03-13,148.32127380371094,150.95314411845015,145.59082548311505,145.69925527320058,84457100,147.6135025024414,141.69679061889647,0.013266386722897261,150.41098022460938
2023-03-14,150.41098022460938,151.209410853691,147.95654755608294,149.11968969699433,73695900,148.12410430908204,142.1537223815918,0.014089053898390658,150.80528259277344
2023-03-15,150.80528259277344,151.06156433450928,147.77911548729296,149.03098388604963,77167900,148.88114166259766,142.61224197387696,0.0026214998903355546,153.6244354248047
2023-03-16,153.6244354248047,154.22572509887632,149.47454848721353,149.98712698991974,76161100,149.86094818115234,143.22281036376953,0.01869399256817772,152.7865753173828
2023-03-17,152.7865753173828,154.50173325502132,152.07685582876627,153.85115455030763,98944600,150.25228271484374,143.7912287902832,-0.005453950767044358,155.15228271484375
2023-03-20,155.15228271484375,155.5662982460434,151.94869352566715,152.85556893212473,73641400,150.60418395996095,144.4333383178711,0.015483738623937704,157.00546264648438
2023-03-21,157.00546264648438,157.1237442200261,154.3045847371103,155.0734600878072,73938300,151.36121673583983,145.02196380615234,0.0119442646876593,155.57615661621094
2023-03-22,155.57615661621094,159.82460651427928,155.5564380089166,157.0251659140942,75701800,151.85013427734376,145.57156982421876,-0.009103543317417473,156.66046142578125
2023-03-23,156.66046142578125,159.24305787299903,155.42831151194017,156.56189845720945,67622100,152.67222595214844,146.13144561767578,0.0069696078959269325,157.96160888671875
2023-03-24,157.96160888671875,158.0503200650471,155.5958872192805,156.5914588714899,59196500,153.83045196533203,146.66301574707032,0.008305525523770507,156.0197296142578
2023-03-27,156.0197296142578,158.47417734472043,155.61558088418133,157.6560281012329,52390300,154.6002975463867,147.1573226928711,-0.012293362204569225,155.39874267578125
2023-03-28,155.39874267578125,156.22675885726497,153.75259217928735,155.71418027651652,45992200,155.0990737915039,147.61263641357422,-0.0039801821219142,158.47418212890625
2023-03-29,158.47418212890625,158.75018247951246,157.07446176772007,157.09416533498404,51305700,155.8659637451172,148.10623046875,0.019790632795153806,160.04148864746094
2023-03-30,160.04148864746094,160.1499184415396,158.9670575321584,159.22333929957506,49501700,156.5076690673828,148.6455401611328,0.009889980169008217,162.545166015625
2023-03-31,162.545166015625,162.64374399803975,159.59787385661696,160.1203040734608,68749800,157.48352813720703,149.23374237060546,0.01564392701744466,163.7970428466797
2023-04-03,163.7970428466797,163.91532439911353,161.87489241518372,161.92418140899423,56976200,158.34800415039064,149.79580322265625,0.007701716770428968,163.26475524902344
2023-04-04,163.26475524902344,164.45746763773894,162.75217680448466,164.22090454094308,46278300,158.97393341064452,150.28344146728514,-0.003249677701168796,161.42144775390625
2023-04-05,161.42144775390625,162.69303455117807,159.489445623491,162.38746386000238,51511700,159.55846252441407,150.7062615966797,-0.011290296502179165,162.30859375
2023-04-06,162.30859375,162.60431263964267,159.68657599119575,160.11042820166983,45390100,160.12327575683594,151.16001312255858,0.00549583719163671,159.7161865234375
2023-04-10,159.7161865234375,159.7161865234375,157.79403581892626,159.11489681167845,47716900,160.29873352050782,151.52057891845703,-0.015972088517725247,158.50375366210938
2023-04-11,158.50375366210938,160.0414742096721,158.21788648492154,160.03162242596915,47644200,160.54713592529296,151.8181185913086,-0.007591170862010332,157.81373596191406
2023-04-12,157.81373596191406,159.7457382241708,157.49829842634344,158.9177372546322,50133100,160.78863525390625,152.15953277587892,-0.00435332087886231,163.19578552246094
2023-04-13,163.19578552246094,163.4323637150449,159.11490570596376,159.32191350458623,68445600,161.26079559326172,152.58319427490235,0.034103809327761914,162.8507537841797
2023-04-14,162.8507537841797,163.9449032227771,161.48060404043056,162.23959735915352,49386500,161.5417221069336,152.97751556396486,-0.002114219660615979,162.87046813964844
2023-04-17,162.87046813964844,163.02818690758198,161.68760746192598,162.73246797792896,41516200,161.57425231933593,153.26613250732422,0.0001210578091328518,164.09278869628906
2023-04-18,164.09278869628906,165.01936778477705,163.28449117964493,163.72807715584273,49923000,161.60382690429688,153.5067575073242,0.007504863039950127,165.23619079589844
2023-04-19,165.23619079589844,165.75862101045766,163.17602528319068,163.4323220199929,47720200,161.80097045898438,153.82477600097656,0.006968021621752252,164.2701873779297
2023-04-20,164.2701873779297,165.47276665465435,163.1957564794937,163.71818673436218,52456400,162.08584442138672,154.06599700927734,-0.005846197575214984,162.66346740722656
2023-04-21,162.66346740722656,164.0730393438838,162.14103717495192,162.69303779464673,58337300,162.12133178710937,154.32882202148437,-0.009780959018489521,162.96905517578125
2023-04-24,162.96905517578125,163.23520373133107,161.54961626736943,162.643765839196,41949600,162.44661865234374,154.61842651367186,0.0018786502797807358,161.4313201904297
2023-04-25,161.4313201904297,163.93504162144998,161.3918829793584,162.83104036567903,48714100,162.73937530517577,154.8699822998047,-0.009435748300147706,161.42144775390625
2023-04-26,161.42144775390625,162.91974586384254,160.47516529354857,160.73144699304368,45498800,163.100146484375,155.0653512573242,-6.11556450866857e-05,166.0050811767578
2023-04-27,166.0050811767578,166.15293313578908,162.8310621018307,162.8310621018307,64902300,163.38107604980468,155.36520721435548,0.028395442406386362,167.2569122314453
2023-04-28,167.2569122314453,167.42449781718415,165.48262879614657,166.08391841749662,55275900,163.82169189453126,155.6481085205078,0.007540920108069393,167.16819763183594
2023-05-01,167.16819763183594,168.0159171618742,166.23176694003394,166.86262693627947,52472900,164.25146484375,155.96117309570312,-0.0005304091677037492,166.13320922851562
2023-05-02,166.13320922851562,167.91737470896658,165.1474894240389,167.66107793363267,48425700,164.45550689697265,156.2764059448242,-0.006191299648990234,165.05874633789062
2023-05-03,165.05874633789062,168.47919460136384,164.7728942678528,167.07947455454496,65136000,164.43776245117186,156.6503875732422,-0.006467478089507539,163.42247009277344
2023-05-04,163.42247009277344,164.65461977543495,161.96360907995128,162.535328337613,81235400,164.35299072265624,156.98316650390626,-0.009913296213746703,171.0913848876953
2023-05-05,171.0913848876953,171.8109560965244,168.32149974515366,168.5383592942621,113453200,165.19578247070314,157.45966369628906,0.04692692988037872,171.02236938476562
2023-05-08,171.02236938476562,171.3673772990156,169.65221959190652,170.01693107088172,55962800,166.00111389160156,157.98781219482422,-0.00040338385813520894,169.3170928955078
2023-05-09,169.3170928955078,171.06180609803263,169.14952233576255,170.57881302608763,45326900,166.78969116210936,158.45800048828124,-0.009971072763126587,171.08154296875
2023-05-10,171.08154296875,171.5448325237521,169.44524432941884,170.54926084220077,53724500,167.75570068359374,158.9735321044922,0.010420980203877495,171.26882934570312
2023-05-11,171.26882934570312,172.09683043603525,169.71139012861647,171.36740735017244,49514700,168.28207550048828,159.5342105102539,0.0010947199429183208,170.34092712402344
2023-05-12,170.34092712402344,171.81167121139163,168.79119952450796,171.3773522647327,45533100,168.5904769897461,160.0645016479492,-0.005417811432614661,169.847412109375
2023-05-15,169.847412109375,170.97268634600138,169.2551561693846,170.92332917405315,37266700,168.8583984375,160.48398529052736,-0.0028972192589342693,169.847412109375
2023-05-16,169.847412109375,170.903583292935,169.58089543020992,169.76844364659667,42110300,169.22981872558594,160.8482681274414,0.0,170.4593963623047
2023-05-17,170.4593963623047,170.69628668546216,168.21871333171157,169.492059065459,57951600,169.76988372802734,161.2687533569336,0.003603141462853676,172.78892517089844
2023-05-18,172.78892517089844,172.97647339745131,170.35082834910114,170.76540150488879,65496700,170.70652923583984,161.71079223632813,0.013666180089259683,172.8975067138672
2023-05-19,172.8975067138672,174.11161490131875,172.68034719263906,174.11161490131875,55809500,170.88714141845702,162.19995147705077,0.000628405685499489,171.94989013671875
2023-05-22,171.94989013671875,172.45331220735133,171.2095777379714,171.73273062815065,43570900,170.97989349365236,162.7113623046875,-0.005480799550896198,169.34397888183594
2023-05-23,169.34397888183594,171.1404774028389,169.0675968111729,170.89370662105455,50747300,170.98258209228516,163.13181640625,-0.015155062052152668,169.62037658691406
2023-05-24,169.62037658691406,170.19288666082696,168.317434571077,168.88006417332414,45143500,170.83646545410156,163.51600433349608,0.0016321673017438698,170.7555389404297
2023-05-25,170.7555389404297,171.65377326209193,169.47232768730396,170.18302884098296,56058300,170.7851364135742,163.91500946044923,0.006692370199602449,173.16400146484375
2023-05-26,173.16400146484375,173.49962120538788,170.87397623432938,171.08127033696854,54835000,171.06744384765625,164.30580078125,0.014104740258260584,175.00985717773438
2023-05-30,175.00985717773438,176.67803022234617,174.28929064745816,174.6742524991613,55964400,171.58368835449218,164.75026641845704,0.01065958107502718,174.9604949951172
2023-05-31,174.9604949951172,177.03337571367211,174.4768188110026,175.03946345752533,99625300,172.0949966430664,165.1464306640625,-0.0002820537277912205,177.7637939453125
2023-06-01,177.7637939453125,177.79340523372372,174.64460769798924,175.40466591116137,68901800,172.8254364013672,165.56159729003906,0.016022468102148135,178.61268615722656
2023-06-02,178.61268615722656,179.4319669478336,176.94451328757913,178.69165461361322,61996900,173.4078125,166.02232788085936,0.004775394320033488,177.26039123535156
2023-06-05,177.26039123535156,182.56102285189482,175.7402747725204,180.27099781019854,121946500,173.84410095214844,166.43432647705077,-0.0075711023162409186,176.89520263671875
2023-06-06,176.89520263671875,177.79343698174293,175.13818052764557,177.64538051324874,64848400,174.33863220214843,166.81299835205078,-0.0020601816124163896,175.5231475830078
2023-06-07,175.5231475830078,178.86935913776645,175.02960596689772,176.135134367242,61944600,174.95654907226563,167.20306671142578,-0.007756315791834445,178.23760986328125
2023-06-08,178.23760986328125,178.50411146672758,175.16778069465795,175.60208462454239,50214900,175.81827239990236,167.65984405517577,0.015464981785320964,178.62257385253906
2023-06-09,178.62257385253906,179.8761586114367,178.29683460490384,179.15559212759166,48900000,176.60497589111327,168.06281188964843,0.0021598359041792303,181.416015625
2023-06-12,181.416015625,181.51472997018058,178.63244881890137,178.92857679274874,54274900,177.4301773071289,168.49030242919923,0.015638794762676822,180.94223022460938
2023-06-13,180.94223022460938,181.77137654932005,180.08347260699438,180.43882318354116,54929100,178.0234146118164,168.8582437133789,-0.0026115963287937083,181.57395935058594
2023-06-14,181.57395935058594,182.00827838693002,179.66889592317074,181.00144926283193,57462900,178.68476104736328,169.21378204345703,0.0034913304936741163,183.60733032226562
2023-06-15,183.60733032226562,184.11075236554325,181.40613912687283,181.58382192499832,65433200,179.26911468505858,169.62063354492187,0.011198582544282187,182.5314178466797
2023-06-16,182.5314178466797,184.57468723659963,181.88981981135748,184.31803597311566,101256200,179.6609878540039,170.04283294677734,-0.005859855778620138,182.62026977539062
2023-06-20,182.62026977539062,183.69620198313194,182.02802885230534,182.02802885230534,49799100,180.1969757080078,170.44906646728515,0.0004867760835867152,181.58383178710938
2023-06-21,181.58383178710938,183.015099412311,180.23151756348105,182.51167734169172,49515700,180.66583862304688,170.8864193725586,-0.005675372123565392,184.5845489501953
2023-06-22,184.5845489501953,184.63390612000734,181.29756025506936,181.3666633051449,51245300,181.5719787597656,171.4080352783203,0.016525244200177536,184.26866149902344
2023-06-23,184.26866149902344,185.13729942612093,182.6202345686034,183.1532678644832,53117000,182.17508392333986,171.9371337890625,-0.0017113428668241726,182.87692260742188
2023-06-26,182.87692260742188,185.62101290744985,182.83743084186574,184.41677010681076,48088700,182.60051879882812,172.33075653076173,-0.007552770396657693,185.630859375
2023-06-27,185.630859375,185.9565986299679,183.27173119056016,183.48889069387212,50730800,183.02200317382812,172.78635864257814,0.015058962762020789,186.8054656982422
2023-06-28,186.8054656982422,187.44706365086452,185.1767847036212,185.50250885319187,51216800,183.60832672119142,173.26505859375,0.006327645776122326,187.14108276367188
2023-06-29,187.14108276367188,187.61489349976054,186.49948476837957,186.6376758009822,46347300,184.1650390625,173.72602447509766,0.0017966126642774416,191.46453857421875
2023-06-30,191.46453857421875,191.96794560784363,188.78953634841974,189.1547673916645,85213200,184.9507598876953,174.25059143066406,0.02310265467474437,189.97402954101562
2023-07-03,189.97402954101562,191.37568580561538,189.28305928715224,191.27697146600818,31458200,185.6950210571289,174.7646682739258,-0.007784778551174654,188.85862731933594
2023-07-05,188.85862731933594,190.48730854754436,188.15779163185775,189.09553270560195,46920300,186.31885681152343,175.28857147216797,-0.005871340542570658,189.3324432373047
2023-07-06,189.3324432373047,189.53973735512338,186.7561552507634,187.38788795320247,45094300,187.09371795654297,175.81583923339844,0.002508839149654385,188.2169952392578
2023-07-07,188.2169952392578,190.18129599874976,187.78269133409245,188.93757673504143,46815000,187.45696258544922,176.351552734375,-0.00589147839099502,186.1737823486328
2023-07-10,186.1737823486328,187.5359621262765,184.6240543335807,186.81538047079187,59922200,187.64747467041016,176.84659942626953,-0.010855623786936497,185.65061950683594
2023-07-11,185.65061950683594,186.85486227702734,184.18974051380027,186.71667122446578,46638100,187.92484436035156,177.23951019287108,-0.0028100779561817113,187.3187713623047
2023-07-12,187.3187713623047,189.22383458950753,186.0355602702456,187.22992243297554,60750200,188.09363555908203,177.64074737548827,0.00898543651456718,188.07884216308594
2023-07-13,188.07884216308594,188.72045533421505,187.32866429002723,188.03936545890204,41342300,188.2209732055664,178.05896026611327,0.0040576328536297,188.22689819335938
2023-07-14,188.22689819335938,188.71055932283986,187.18059240914323,187.77283329330808,41616200,188.32955474853514,178.50083404541016,0.000787201944517868,191.48426818847656
2023-07-17,191.48426818847656,191.81000743962883,189.33241906132668,189.421252931179,50520200,188.33152770996094,179.02934448242186,0.017305549984524493,191.2276153564453
2023-07-18,191.2276153564453,191.81987127398517,189.93453883356673,190.85253399958415,48288200,188.4568862915039,179.58544738769533,-0.00134033377498477,192.57994079589844
2023-07-19,192.57994079589844,195.66950100927124,190.16157487576123,190.6057743707706,80507300,188.82901763916016,180.01521850585937,0.007071810402134782,190.63536071777344
2023-07-20,190.63536071777344,193.93221460154035,190.0134935554866,192.57003512669965,59581200,188.95930938720704,180.40747833251953,-0.010097521424549227,189.46075439453125
2023-07-21,189.46075439453125,192.45161532627134,188.75991868585442,191.59285775033445,71951700,189.08368530273438,180.8103515625,-0.006161534349239273,190.2602996826172
2023-07-24,190.2602996826172,192.3924031537896,189.76675804919924,190.91177825353577,45377800,189.49233703613282,181.19392669677734,0.004220110337051608,191.11903381347656
2023-07-25,191.11903381347656,191.92844922240585,190.4280786239598,190.83278632842445,37283200,190.03917846679687,181.59093078613282,0.004513469874124487,191.9877166748047
2023-07-26,191.9877166748047,193.11299112122768,190.82296552047956,191.16843566513836,47471900,190.50607299804688,182.02386657714842,0.004545245149030652,190.7242431640625
2023-07-27,190.7242431640625,194.65283061947835,190.06289913711862,193.48807951397325,47460200,190.77061309814454,182.4414031982422,-0.006581012226330563,193.30050659179688
2023-07-28,193.30050659179688,194.09017617119656,191.63233355900982,192.15548645475204,48291400,191.2779739379883,182.91046508789063,0.01350779211386488,193.91249084472656
2023-07-31,193.91249084472656,193.95198260711592,192.7378594315981,193.52752900074864,38824100,191.5207962036133,183.37952697753906,0.0031659733526827605,193.08334350585938
2023-08-01,193.08334350585938,194.1888718595327,192.75760424557473,193.7052107356477,35175100,191.70636901855468,183.7854153442383,-0.0042758841127522595,190.09249877929688
2023-08-02,190.09249877929688,192.6589062555568,189.37193220630533,192.52071519961737,50389300,191.45762481689454,184.1293151855469,-0.015489915765166673,188.70069885253906
2023-08-03,188.70069885253906,189.885195713569,188.22690312046603,189.09554118067888,61235200,191.2641586303711,184.46433135986328,-0.007321698308431102,179.6392822265625
2023-08-04,179.6392822265625,184.95966022717982,179.57017917093492,183.12368481919472,115956800,190.28201141357422,184.6702374267578,-0.048020048050048,176.53981018066406
2023-08-07,176.53981018066406,180.76452444560638,175.05918560009945,179.77744139189664,97576100,188.90996246337892,184.8086260986328,-0.01725386567727072,177.47756958007812
2023-08-08,177.47756958007812,177.94149990785485,175.2862435821482,177.3689898212007,67823000,187.54581604003906,184.9430667114258,0.005311886301760493,175.88833618164062
2023-08-09,175.88833618164062,178.59293417746048,174.7235703168388,178.53371160261662,60378500,185.93587799072264,184.99755340576172,-0.008954559171605259,175.6712188720703
2023-08-10,175.6712188720703,178.41530928434332,175.30600286506225,177.1617092563292,54686900,184.43057556152343,185.01078063964843,-0.0012344042492169471,175.73049926757812
2023-08-11,175.73049926757812,176.5508864753638,174.5048729038775,175.2659575562626,52036700,182.67357482910157,185.02618072509765,0.0003374508123097364,177.3811798095703
2023-08-14,177.3811798095703,177.60851131506328,175.25607590732963,175.90843422608452,43675600,181.02044372558595,185.0185284423828,0.00939325016927639,175.39443969726562
2023-08-15,175.39443969726562,177.40092323969566,174.99907927707545,176.8078826094104,43622600,179.25155334472657,184.9541635131836,-0.011200399695376784,174.524658203125
2023-08-16,174.524658203125,176.47182426987777,174.4554618287455,175.0781688700227,46964900,177.69476928710938,184.89944885253905,-0.004959002666457879,171.98440551757812
2023-08-17,171.98440551757812,175.4537406821077,171.47042491030345,175.08803154260252,66062900,176.02313995361328,184.80123291015624,-0.01455526520837147,172.46873474121094
2023-08-18,172.46873474121094,173.07166917955516,169.96804315644715,170.30410101859755,61172200,175.30608520507812,184.7401446533203,0.0028161229047205527,173.8031005859375
2023-08-21,173.8031005859375,174.08974972921308,171.7274356199635,173.04203097276417,46311900,175.03241424560548,184.65145446777345,0.007736856461136421,175.177001953125
2023-08-22,175.177001953125,175.62178623446252,174.20835828322907,175.00897300604348,42038900,174.80235748291017,184.58254302978514,0.007904930133902699,179.0219268798828
2023-08-23,179.0219268798828,179.44695366375947,176.264252478764,176.45205395893973,52722800,175.11571655273437,184.53466125488282,0.021948799693390475,174.33685302734375
2023-08-24,174.33685302734375,179.00217866700072,173.9711287799832,178.57715186115848,54945800,174.9822799682617,184.4025537109375,-0.026170391159305195,176.541015625
2023-08-25,176.541015625,177.07475372946672,173.78334110152613,175.3252679389123,51449600,175.0633316040039,184.3018948364258,0.012643124843549458,178.10272216796875
2023-08-28,178.10272216796875,178.49808262553688,176.48172016068384,178.00387451255935,43820700,175.13548583984374,184.19180267333985,0.00884614001703743,181.98716735839844
2023-08-29,181.98716735839844,182.75813070921157,177.4206898063463,177.61837000977968,53003900,175.79475860595704,184.1809176635742,0.021810139357478553,185.47628784179688
2023-08-30,185.47628784179688,185.67398314097,182.6000082560471,182.7976884731864,60813900,176.88992156982422,184.23803802490235,0.01917234349017094,185.69375610351562
2023-08-31,185.69375610351562,186.92927641629686,185.3082743692093,185.6641048225717,60794500,178.26085662841797,184.32023651123046,0.0011724855195733852,187.2653350830078
2023-09-01,187.2653350830078,187.7199980774023,186.09899615427736,187.29498636168424,45766500,179.74051666259766,184.3738522338867,0.00846328391685991,187.50253295898438
2023-09-05,187.50253295898438,187.77928826308653,185.4367469097816,186.09898389331408,45280000,181.11045989990234,184.43852966308594,0.001266640597799018,180.79119873046875
2023-09-06,180.79119873046875,186.66239298088038,179.3678770840619,186.21759365485326,81755800,181.67187957763673,184.39681518554687,-0.03579329901630557,175.503173828125
2023-09-07,175.503173828125,176.1456533918577,171.52973657694065,173.15073850258275,112488800,181.32000427246095,184.19426147460936,-0.0292493491910929,176.11595153808594
2023-09-08,176.11595153808594,178.15210111956102,175.73046991034678,176.28399552635892,65551300,181.49791412353517,183.98047119140625,0.003491547740105627,177.28231811523438
2023-09-11,177.28231811523438,178.21143169284028,175.28571330476424,177.98410020535158,58953100,181.5720443725586,183.7832958984375,0.006622719673954114,174.25779724121094
2023-09-12,174.25779724121094,178.0434334916735,172.79494533569144,177.4108476610135,90370200,181.18755187988282,183.43916107177733,-0.017060476793052115,172.19198608398438
2023-09-13,172.19198608398438,175.24618840249718,171.96463950783718,174.46533118918654,84267900,180.2080337524414,183.08352020263672,-0.011854913753827745,173.70425415039062
2023-09-14,173.70425415039062,174.060084556446,171.56927171405846,171.98440467411754,60895800,179.03083038330078,182.7804327392578,0.008782453241863664,172.98269653320312
2023-09-15,172.98269653320312,174.45544195430384,171.806494041059,174.43566940930017,109259500,177.75972442626954,182.45343780517578,-0.004153943268210281,175.90843200683594
2023-09-18,175.90843200683594,177.3021024660386,174.12927983360214,174.4356864419302,67257600,176.62403411865233,182.20726654052734,0.016913457428218814,176.99569702148438
2023-09-19,176.99569702148438,177.54920768301113,175.07816717117066,175.4636488877364,51826900,175.57335052490234,182.02370483398437,0.006180857860220046,173.4571533203125
2023-09-20,173.4571533203125,177.61837681135137,173.36818440563272,177.18347129792434,58436200,174.8399459838867,181.77983551025392,-0.01999225834706231,171.91517639160156
2023-09-21,171.91517639160156,174.257732414101,171.8459951187846,172.5280045272833,63149100,174.48114624023438,181.47176361083984,-0.008889670441342146,172.76524353027344
2023-09-22,172.76524353027344,175.0287248458324,172.03382526857388,172.6466384244914,56725400,174.1460754394531,181.1654916381836,0.004944689331763952,174.04031372070312
2023-09-25,174.04031372070312,174.92000347180993,172.13266274999066,172.1820865728236,46172700,173.821875,180.88175994873046,0.007380362880721858,169.9680633544922
2023-09-26,169.9680633544922,173.17052232124786,169.6715354659317,172.79493440563715,64588900,173.3929016113281,180.4514358520508,-0.02339831662649161,168.45574951171875
2023-09-27,168.45574951171875,171.0355161486817,167.09174554279588,170.6203831944849,66921800,173.01927795410157,179.99599853515625,-0.00889763531410781,168.71275329589844
2023-09-28,168.71275329589844,170.03722730338785,165.67830850769053,167.37838547451082,56294400,172.52012786865234,179.51865478515626,0.0015256456661445483,169.22671508789062
2023-09-29,169.22671508789062,171.06516950648842,168.3667828862352,170.027329658855,51861100,172.1445297241211,179.0904818725586,0.00304637190699375,171.7373046875
2023-10-02,171.7373046875,172.28093658205415,168.9499639274405,169.23661305458424,52164500,171.7274169921875,178.73601287841797,0.014835657586956374,170.40293884277344
2023-10-03,170.40293884277344,171.61870157072957,168.84125459232132,170.26456118455488,49594600,171.0681411743164,178.3388656616211,-0.007769807772135651,171.64834594726562
2023-10-04,171.64834594726562,172.19197782627828,168.98950418793981,169.10810929534875,53020300,170.88726043701172,177.94945190429686,0.007308601089569766,172.8838653564453
2023-10-05,172.8838653564453,173.41760341955526,170.67968657288918,171.77682905786853,48527900,170.9841293334961,177.5673748779297,0.007197968628018581,175.4339599609375
2023-10-06,175.4339599609375,175.9281679572511,171.173874363808,171.78670253501804,57266700,171.2510009765625,177.26156921386718,0.01475033311659546,176.91659545898438
2023-10-09,176.91659545898438,176.97589800927489,173.76354582426052,174.7618406122257,42390800,171.53862915039062,176.93389099121094,0.008451245690270115,176.32354736328125
2023-10-10,176.32354736328125,177.6381425852869,175.88864186643335,176.03691333055846,43698000,172.17417755126954,176.58211212158204,-0.003352133778996569,177.71722412109375
2023-10-11,177.71722412109375,177.76664794425923,175.54271164011269,176.13575227199846,47551100,173.10032501220704,176.2747897338867,0.007904087563194828,178.61668395996094
2023-10-12,178.61668395996094,180.227791982292,176.96601576479657,177.98409824545533,56743100,174.0907180786133,176.0452734375,0.005061185505881527,176.77821350097656
2023-10-13,176.77821350097656,179.82252160984507,176.07643148158712,179.31843486264313,51427100,174.8458679199219,175.80682373046875,-0.010292826057595406,176.64976501464844
2023-10-16,176.64976501464844,177.00559549131233,174.46535832251035,174.70258366763161,52517000,175.3371139526367,175.74703338623047,-0.0007266081254261314,175.09791564941406
2023-10-17,175.09791564941406,176.35320838797153,172.77514673671925,174.60370757241088,57549400,175.80661163330078,175.71819549560547,-0.008784893459131915,173.8031005859375
2023-10-18,173.8031005859375,175.5229501994882,173.08156098457755,173.5461178040648,54764400,176.02208709716797,175.64470611572267,-0.007394805692999107,173.42752075195312
2023-10-19,173.42752075195312,175.77994115612455,173.1606441431901,174.00078890109597,59302900,176.07645263671876,175.5954898071289,-0.0021609501367823025,170.8773956298828
2023-10-20,170.8773956298828,173.3879661145723,170.64017031492207,173.27923973046956,64244000,175.62079620361328,175.49961334228516,-0.014704270181649326,170.9959716796875
2023-10-23,170.9959716796875,171.9942664316387,167.96152725501383,168.93018581492106,55980100,175.0287338256836,175.40492279052734,0.0006939247251960268,171.43089294433594
2023-10-24,171.43089294433594,171.65822442721412,169.4639394511676,171.045411263789,43816600,174.53946838378906,175.28591705322265,0.0025434591258275407,169.1179962158203
2023-10-25,169.1179962158203,171.05528327402416,168.6731969171006,169.88895954662036,57157000,173.6795455932617,175.16038818359374,-0.01349171487584,164.956787109375
2023-10-26,164.956787109375,169.39478149468584,163.7509180796386,168.39647143119544,70625300,172.3135559082031,174.96903076171876,-0.02460535956880061,166.27134704589844
2023-10-27,166.27134704589844,167.00278034322866,164.8974493569631,164.9765244498122,58499100,171.26286926269532,174.85476959228515,0.007969117000634851,168.31736755371094
2023-10-30,168.31736755371094,169.18717852998205,166.91381853056686,167.06208999172168,51131000,170.42962951660155,174.77174224853516,0.012305310230317001,168.7918243408203
2023-10-31,168.7918243408203,168.92030818010912,165.9550598323106,167.38827526603964,44846000,169.79902038574218,174.6715167236328,0.002818822525595621,171.95474243164062
2023-11-01,171.95474243164062,172.2117251766134,168.14933458405196,169.01914553939386,56934900,169.6141845703125,174.6070715332031,0.018738573998902996,175.51303100585938
2023-11-02,175.51303100585938,175.72058991359089,173.42747270619202,173.48677525125817,77334800,169.82273559570314,174.53689361572265,0.020693169167075087,174.6036834716797
2023-11-03,174.6036834716797,174.77172746685503,171.34192267930985,172.2216123316697,79829200,170.19536437988282,174.54223022460937,-0.005181082731967268,177.15382385253906
2023-11-06,177.15382385253906,177.35150406781844,174.16881791314302,174.33684685023218,63841300,170.81114959716797,174.55448638916016,0.014605306887887082,179.7138214111328
2023-11-07,179.7138214111328,180.32663456302825,176.89682951103612,177.1043884447924,70530000,171.63944244384766,174.58670837402343,0.014450704494669342,180.7714080810547
2023-11-08,180.7714080810547,181.32491864766183,179.48646421884135,180.23767005812115,49340300,172.8047836303711,174.56239318847656,0.0058848376914897305,180.29701232910156
2023-11-09,180.29701232910156,181.9871956757889,179.70395654448856,180.84064428465763,53763500,174.33880615234375,174.45880767822266,-0.0026242853169590186,184.48350524902344
2023-11-10,184.48350524902344,184.6517706680945,181.64301825007877,182.07849676599454,66133400,176.16002197265624,174.4346026611328,0.023219979443032335,182.89996337890625
2023-11-13,182.89996337890625,184.11731278262945,182.3160331472403,183.9094803756521,43627500,177.61828155517577,174.34729522705078,-0.008583650164168621,185.5128173828125
2023-11-14,185.5128173828125,186.17592689168708,184.38453902262373,185.7701387274506,60108400,179.290380859375,174.30750091552736,0.014285699983948685,186.0769500732422
2023-11-15,186.0769500732422,187.55163591900057,185.84931907084464,185.91860660743325,53790500,180.70260162353514,174.4132159423828,0.003040936461363719,187.7594451904297
2023-11-16,187.7594451904297,188.99659293267834,186.71033121940587,187.62088524737388,54412900,181.9272430419922,174.6583413696289,0.009041931934746561,187.73968505859375
2023-11-17,187.73968505859375,188.42259316852056,186.63120528706287,188.29392494435922,50922700,183.2408432006836,174.89081604003906,-0.00010524174597925651,189.4815673828125
2023-11-20,189.4815673828125,189.93684445013852,187.92771748948175,187.93760923589429,46505100,184.47361755371094,175.13480102539063,0.009278178578360219,188.6798858642578
2023-11-21,188.6798858642578,189.55084275358138,187.78914548337832,189.44197314241592,38134500,185.37022399902344,175.42324279785157,-0.0042309208733483095,189.343017578125
2023-11-22,189.343017578125,190.94635649331246,188.8679569924961,189.52117473642568,39617700,186.22738494873047,175.76626342773437,0.0035145861511929333,188.0167999267578
2023-11-24,188.0167999267578,188.93723076179566,187.30420149232032,188.90754041885276,24048300,186.9993637084961,176.05251434326172,-0.007004312429001902,187.83863830566406
2023-11-27,187.83863830566406,188.70959528304604,186.95778958150402,187.96730652329646,40552600,187.33487701416016,176.34963317871095,-0.0009475835200001281,188.4423370361328
2023-11-28,188.4423370361328,189.11535325725313,187.45261884770375,187.82871659191514,38415400,187.8891143798828,176.60031127929688,0.0032139219913123185,187.42295837402344
2023-11-29,187.42295837402344,190.11499348364924,187.02707707633283,188.93722623545,43014200,188.08012847900392,176.80885650634767,-0.005409499150469066,187.9969940185547
2023-11-30,187.9969940185547,188.36320007044645,186.2550951920731,187.88812439803064,48794400,188.27213287353516,177.0996533203125,0.003062781899887179,189.2737274169922
2023-12-01,189.2737274169922,189.59042941044567,187.2843840288066,188.37308016671426,45704800,188.4235610961914,177.4468243408203,0.006791243685053239,187.48233032226562
2023-12-04,187.48233032226562,188.09596593756666,185.52269231677565,188.02667840765253,43389500,188.3978256225586,177.74116607666016,-0.009464584013712085,191.43130493164062
2023-12-05,191.43130493164062,192.40122460244103,188.22461231756913,188.25431775925796,66628400,188.5927993774414,178.0889859008789,0.021063182874818454,190.3426055908203
2023-12-06,190.3426055908203,192.75750523859645,190.1347581304068,192.4506950223819,41089700,188.75907135009766,178.49647674560546,-0.0056871541528126235,192.27256774902344
2023-12-07,192.27256774902344,192.99505783958267,191.5995514892092,191.63914867608756,47477700,189.0520263671875,178.97281311035155,0.010139412309779772,193.69776916503906
2023-12-08,193.69776916503906,193.97488907234165,191.67873543823174,192.2032849129047,53406400,189.62012329101563,179.47251342773438,0.0074124012213534485,191.19381713867188
2023-12-11,191.19381713867188,191.50064256658672,189.4519179738354,191.12454469501162,60943700,189.9556411743164,179.91185546875,-0.012927108232380857,192.7080535888672
2023-12-12,192.7080535888672,192.71794533501543,189.748790485074,191.09480795445688,52696900,190.38221282958983,180.33127044677735,0.007919902813055213,195.92465209960938
2023-12-13,195.92465209960938,195.96423418895137,192.8466274130704,193.08415015292962,70404200,191.23238220214844,180.84170471191408,0.01669156244816139,196.07310485839844
2023-12-14,196.07310485839844,197.567574144968,194.14315707722483,195.98403383047588,66831600,192.0399932861328,181.33019989013673,0.0007577033170567127,195.53866577148438
2023-12-15,195.53866577148438,196.36011872958818,194.9745190512041,195.4990685795855,128538400,192.66648712158204,181.7832958984375,-0.00272571338787142,193.87594604492188
2023-12-18,193.87594604492188,194.60834313263763,192.3913683739152,194.07388671400844,55751900,193.30584869384765,182.15213562011718,-0.008503278469260023,194.91513061523438
2023-12-19,194.91513061523438,194.92502236186388,193.87592334681435,194.1431515248431,40714100,193.65423126220702,182.5121063232422,0.005360048997887112,192.8268280029297
2023-12-20,192.8268280029297,195.6475162401682,192.8268280029297,194.87553713507947,52242800,193.90265350341798,182.84217193603516,-0.010713907153914182,192.67835998535156
2023-12-21,192.67835998535156,195.05369307239374,191.51049958819766,194.08377332368417,46482500,193.94323272705077,183.1413946533203,-0.0007699551930391291,191.60946655273438
2023-12-22,191.60946655273438,193.40085423729087,190.98593919883143,193.17320815773428,37149600,193.73440246582032,183.40125030517578,-0.005547553096769353,191.06509399414062
2023-12-26,191.06509399414062,191.89645362489276,190.84735479057687,191.61933374797536,28919300,193.72153015136718,183.68698791503905,-0.0028410525241138185,191.16409301757812
2023-12-27,191.16409301757812,191.5105004803971,189.12527563548673,190.5108903848591,48087700,193.56713409423827,183.97727447509766,0.0005181429080947098,191.5896759033203
2023-12-28,191.5896759033203,192.65857351066379,191.18388776405135,192.14391575114956,34049900,193.13363647460938,184.30710968017578,0.002226270001987496,190.55044555664062
2023-12-29,190.55044555664062,192.40121377472641,189.75866796911842,191.90635467026271,42672100,192.58137054443358,184.64205657958985,-0.005424250246156781,183.73129272460938
2024-01-02,183.73129272460938,186.50250680575422,181.99928581163158,185.2257618242656,82488700,191.4006332397461,184.84813201904296,-0.03578660134911238,182.35557556152344
2024-01-03,182.35557556152344,183.968821035463,181.543999401021,182.32588522412956,58414500,190.24859619140625,185.07769561767577,-0.007487658431424515,180.03964233398438
2024-01-04,180.03964233398438,181.20750256721809,179.02023379077144,180.2771650380176,71983600,188.76104736328125,185.25856903076172,-0.012700095516178567,179.31715393066406
2024-01-05,179.31715393066406,180.88091065327836,178.31754388665928,180.1188384374096,62379700,187.4100799560547,185.41629425048828,-0.004012940672144083,183.65211486816406
2024-01-08,183.65211486816406,183.69171205497358,179.63386121540748,180.21779135468154,59144500,186.50745544433593,185.70697662353516,0.02417482567884277,183.2364501953125
2024-01-09,183.2364501953125,183.24634194188326,180.85122540618832,182.0289926299427,42841800,185.67015380859374,186.0725698852539,-0.0022633263610928323,184.27566528320312
2024-01-10,184.27566528320312,184.48349768333688,182.02900036017593,182.4545871112419,46792900,184.9912109375,186.43265625,0.005671443027754242,183.6818389892578
2024-01-11,183.6818389892578,185.12683453552387,181.73209248260326,184.6220684732307,49128400,184.24298553466798,186.73994567871094,-0.0032224889435764625,184.00845336914062
2024-01-12,184.00845336914062,184.82002975127756,183.285963125415,184.14701334878532,40477800,183.48486328125,187.04427825927735,0.0017781528194624752,181.7419891357422
2024-01-16,181.7419891357422,182.3655014396163,179.06973745492456,180.28710192352952,65603000,182.60401763916016,187.24002319335938,-0.012317174520518726,180.80172729492188
2024-01-17,180.80172729492188,181.04915686376333,178.44620806884475,179.40623600410183,47317400,182.3110610961914,187.34579711914063,-0.005173608175477962,186.69058227539062
2024-01-18,186.69058227539062,187.1953332109462,183.9193677995691,184.17668914088887,78005800,182.74456176757812,187.58753509521483,0.032570789386668464,189.59042358398438
2024-01-19,189.59042358398438,189.97641309339812,186.87860527237555,187.3833561379468,68903000,183.69963989257812,187.83626708984374,0.015532874091721105,191.89646911621094
2024-01-22,191.89646911621094,193.3216657993532,190.28322355100102,190.32282073770045,60133900,184.95757141113282,188.07992004394532,0.012163301756668243,193.17323303222656
2024-01-23,193.17323303222656,193.73737977781175,191.83712223283266,193.01488956324005,42355600,185.90968322753906,188.32795654296876,0.006653399731093579,192.50022888183594
2024-01-24,192.50022888183594,194.36090430723632,192.34187031331157,193.4107679979945,53631300,186.8360610961914,188.57202087402345,-0.0034839410192940568,192.17356872558594
2024-01-25,192.17356872558594,194.25198285271063,191.12446991734407,193.21277578914828,54822100,187.6258514404297,188.7258221435547,-0.0016969338589748473,190.4416046142578
2024-01-26,190.4416046142578,192.75754194727924,189.9665440310004,192.2725896171282,44594000,188.30182800292968,188.87665496826173,-0.00901249907993995,189.75869750976562
2024-01-29,189.75869750976562,190.22386634852867,187.63080907007364,190.03581744325376,47145600,188.8768524169922,188.96157257080077,-0.0035859134135917126,186.1066436767578
2024-01-30,186.1066436767578,189.82799457367844,185.54251203451676,188.97683613469175,55859400,189.31331787109374,188.96216644287108,-0.019245778353953247,182.50405883789062
2024-01-31,182.50405883789062,185.17631048108575,182.45458500160478,185.11691469411622,55467800,189.48355102539062,188.8570587158203,-0.01935763693167447,184.9387664794922
2024-02-01,184.9387664794922,185.02783750412453,181.93002942176474,182.0982797244824,64885400,189.3083694458008,188.8010403442383,0.013340567092615663,183.9391632080078
2024-02-02,183.9391632080078,185.40394215196616,177.40701599262258,178.01074479617154,102551700,188.7432434082031,188.69019226074218,-0.00540504995525215,185.75033569335938
2024-02-05,185.75033569335938,187.3042007769885,183.92925752426459,186.21550453356022,69668800,188.12863006591797,188.6316012573242,0.009846584347583454,187.35366821289062
2024-02-06,187.35366821289062,187.36355995873058,184.8496822422945,184.93875326056028,43490800,187.5466735839844,188.59181427001954,0.00863165341557215,187.46253967285156
2024-02-07,187.46253967285156,189.08567701882757,186.6707620426896,188.67988890685803,53439000,187.04290466308595,188.5807290649414,0.000581101298946729,186.38377380371094
2024-02-08,186.38377380371094,187.59121634154823,185.42374576060666,187.44276462432762,40962000,186.46392517089845,188.55163177490235,-0.0057545676646824084,187.14683532714844
2024-02-09,187.14683532714844,188.27655346933713,186.30449512518672,186.9486269587983,45155200,186.1344482421875,188.52572174072264,0.00409403408818787,185.46212768554688
2024-02-12,185.46212768554688,186.96842336096995,185.1053738445565,186.72067805809255,41781900,185.7047912597656,188.48650512695312,-0.009002063212324996,183.37115478515625
2024-02-13,183.37115478515625,184.53061609699293,181.85495475727518,184.0945819491523,56529500,185.43124237060547,188.39398834228516,-0.011274392925847865,182.48919677734375
2024-02-14,182.48919677734375,183.85675578337245,180.79462725534452,183.64865818230027,54630500,185.42975616455078,188.2582977294922,-0.00480968780965485,182.20179748535156
2024-02-15,182.20179748535156,182.82612045767794,179.71444020641266,181.89459574378543,65434500,185.15605926513672,188.1526870727539,-0.0015748838674699561,180.66580200195312
2024-02-16,180.66580200195312,183.18290302222294,180.03157456209792,181.76579187183052,49752500,184.82872314453124,187.93737701416015,-0.008430188420736728,179.9225616455078
2024-02-20,179.9225616455078,180.78471053407532,178.3766332434525,180.15048310961222,53665600,184.2459457397461,187.7289761352539,-0.004113896200661604,180.6757049560547
2024-02-21,180.6757049560547,181.24055639365764,179.03067248659073,180.2991272502037,41371400,183.5781494140625,187.49703887939452,0.004185930345026678,182.7072296142578
2024-02-22,182.7072296142578,183.29192011230285,180.81446669725386,181.8252568033474,52292200,183.1026184082031,187.2772280883789,0.01124403891877579,180.87391662597656
2024-02-23,180.87391662597656,183.37117869088894,180.58652357235425,183.3414504606763,45119700,182.5516326904297,187.070830078125,-0.01003415678816788,179.5261688232422
2024-02-26,179.5261688232422,181.11172976770854,179.02075870271764,180.59643039937333,40867400,181.78956604003906,186.8071923828125,-0.007451310989861182,180.98292541503906
2024-02-27,180.98292541503906,182.2612846793882,177.94060546909574,179.46672518750105,54318900,181.34164581298828,186.5083578491211,0.0081144526246264,179.78382873535156
2024-02-28,179.78382873535156,181.4684939502017,178.50546948959806,180.86399474191828,48953900,180.9829132080078,186.18257232666016,-0.006625468545928714,179.11984252929688
2024-02-29,179.11984252929688,180.9234354771045,177.9108443188521,179.63515696026653,136682600,180.64597778320314,185.8541958618164,-0.003693247667075239,178.03968811035156
2024-03-01,178.03968811035156,178.90183692569335,175.78025215753124,177.93067957222544,73563100,180.22976684570312,185.537470703125,-0.0060303448445062635,173.5208282470703
2024-03-04,173.5208282470703,175.30458245485661,172.2226300679557,174.56134649455421,81510100,179.51526947021483,185.10958465576172,-0.02538119399805061,168.58570861816406
2024-03-05,168.58570861816406,170.48839061409436,168.09021804252058,169.21993595014084,95132400,178.38158416748047,184.6247622680664,-0.028441079256948387,167.59474182128906
2024-03-06,167.59474182128906,169.69563232435493,167.15870765798908,169.5172478388351,68587700,177.0734878540039,184.12308990478516,-0.005878118643612207,167.475830078125
2024-03-07,167.475830078125,169.1902233947002,166.97043508778398,167.62447121611535,71765100,175.55034790039062,183.64041717529298,-0.000709519534275449,169.1902313232422
2024-03-08,169.1902313232422,172.13344696276567,167.41638146834518,167.47583792632756,76267000,174.3819793701172,183.202919921875,0.0102367084511088,171.1920166015625
2024-03-11,171.1920166015625,172.80732093128213,170.49833272784605,171.38030546468005,60139500,173.5485641479492,182.80347839355468,0.011831565349041062,171.6676788330078
2024-03-12,171.6676788330078,172.4604668624585,169.4676992338398,171.58839851794536,59825400,172.6170394897461,182.40503845214843,0.0027785304530432153,169.58660888671875
2024-03-13,169.58660888671875,171.6280276345068,169.21993557914925,171.21181736641944,52488700,171.59731750488282,181.98576171875,-0.01212266607456991,171.43975830078125
2024-03-14,171.43975830078125,172.73794133442243,170.49832912625453,171.35057361629615,72913500,170.82930908203124,181.73993103027342,0.01092745132547801,171.06317138671875
2024-03-15,171.06317138671875,171.06317138671875,168.75418335618096,169.62625165850892,121752700,170.13165740966798,181.51408294677734,-0.0021966136548198234,172.15325927734375
2024-03-18,172.15325927734375,176.107279800922,171.95506605696912,173.98658058844927,75604200,169.99490051269532,181.35635528564453,0.0063724288623217,174.49195861816406
2024-03-19,174.49195861816406,175.0171774056643,171.4694631572472,172.76764601394297,55215200,170.5855255126953,181.25985137939452,0.013584984394937383,177.05862426757812
2024-03-20,177.05862426757812,177.05862426757812,173.51090945491785,174.1352325028599,53423100,171.53191375732422,181.12798156738282,0.014709363513023765,169.82444763183594
2024-03-21,169.82444763183594,175.8892630091755,169.29922879245808,175.45322885093574,106181300,171.76677551269532,180.85974151611327,-0.040857521996836565,170.7262420654297
2024-03-22,170.7262420654297,171.48930183291895,168.52626256417108,170.21092760104455,71160100,171.92037658691407,180.5887530517578,0.005310156730488957,169.30914306640625
2024-03-25,169.30914306640625,170.3893089389317,167.92176032191367,169.03166954174233,54288300,171.73208923339843,180.30129913330077,-0.008300416982647274,168.179443359375
2024-03-26,168.179443359375,169.8740129173693,168.05061095138228,168.46682128354186,57388400,171.38326568603514,179.98471893310546,-0.0066724081557022474,171.7469482421875
2024-03-27,171.7469482421875,172.0343412561863,168.575811446925,168.87310882923745,60273300,171.59929962158202,179.78481811523437,0.02121249072747422,169.93344116210938
2024-03-28,169.93344116210938,170.67667701496117,168.97218824939392,170.2010103030642,65672700,171.44866790771485,179.56745239257813,-0.01055918081013485,168.4965362548828
2024-04-01,168.4965362548828,169.70553455748254,167.9514935576168,169.6460781034487,46240500,171.19200439453124,179.20357147216797,-0.008455692401684534,167.31727600097656
2024-04-02,167.31727600097656,167.81276664190898,166.71277681419204,167.5551169522469,49329500,170.70840606689453,178.75810852050782,-0.006998721042683065,168.1199493408203
2024-04-03,168.1199493408203,169.14065873561202,167.05960735256843,167.26770493028647,47691700,170.07120513916016,178.282578125,0.004797312979438306,167.29745483398438
2024-04-04,167.29745483398438,170.3694875068381,167.29745483398438,168.7541832986243,53704400,169.09508819580077,177.76506256103517,-0.004892307605735335,168.05059814453125
2024-04-05,168.05059814453125,168.85329051832247,167.42627513328318,168.06050251317026,42104800,168.9177032470703,177.27606994628906,0.004501821688167595,166.93080139160156
2024-04-08,166.93080139160156,167.67403738632925,166.72270378093583,167.50557237539863,37425500,168.5381591796875,176.77121459960938,-0.006663449968601798,168.13978576660156
2024-04-09,168.13978576660156,168.5460917055098,166.83169838821917,167.17853275073267,42373800,168.42122344970704,176.32517822265626,0.007242428389017563,166.266845703125
2024-04-10,166.266845703125,167.56502882108228,165.60289002910008,167.27765088979615,49709300,168.22996368408204,175.85534118652345,-0.01113918430987193,173.46131896972656
2024-04-11,173.46131896972656,173.87754432367012,166.64337952470896,166.82174885825248,91070300,168.40140075683593,175.60243469238281,0.04327064265985747,174.957763671875
2024-04-12,174.957763671875,176.75143752987137,172.6388708981507,172.68840786964623,101670900,168.9038330078125,175.4515087890625,0.008626964853239771,171.13253784179688
2024-04-15,171.13253784179688,175.03700600653332,170.94424900321735,173.7784557074799,73531800,169.1674331665039,175.1753842163086,-0.0218637101309328,167.85243225097656
2024-04-16,167.85243225097656,172.19292044576096,166.75244230602124,170.20105330053957,73711200,169.2209487915039,174.85364959716796,-0.019167048138166498,166.48483276367188
2024-04-17,166.48483276367188,169.1109267558204,166.48483276367188,168.08031301583728,50901200,169.05743713378905,174.4683395385742,-0.008147629849413307,165.53350830078125
2024-04-18,165.53350830078125,167.11908441586118,165.04793714543356,166.5145852231191,43122900,168.88104248046875,174.03193634033204,-0.005714180968311111,163.51190185546875
2024-04-19,163.51190185546875,164.89926951971245,162.6002009445124,164.7109957890585,68149400,168.4271728515625,173.55292358398438,-0.012212672020695425,164.34429931640625
2024-04-22,164.34429931640625,165.751490640931,163.28395741969712,164.02719323258373,48116400,168.16852264404298,173.1121340942383,0.0050907453921811285,165.39476013183594
2024-04-23,165.39476013183594,165.54341638804536,163.43262154349364,163.85875133255257,49537800,167.8940200805664,172.67709259033202,0.00639182995576415,167.49566650390625
2024-04-24,167.49566650390625,167.77314006308927,164.71101142134987,165.03802194946388,48251800,168.01690216064452,172.3177633666992,0.012702375639927599,168.35780334472656
2024-04-25,168.35780334472656,169.07131105182287,166.63349053238153,168.0010494911784,50558300,167.50655059814454,172.01749633789063,0.005147218783718266,167.77313232421875
2024-04-26,167.77313232421875,169.79472746518425,167.65420428921547,168.34790327634968,44838400,166.7880874633789,171.72317504882812,-0.003472788364378032,171.93524169921875
2024-04-29,171.93524169921875,174.44242297655094,171.53885525962073,171.80640930182136,68169400,166.86835784912108,171.51784393310547,0.024807961306681614,168.79383850097656
2024-04-30,168.79383850097656,173.41181476528868,168.46681287321124,171.76678225756265,65934800,166.9624984741211,171.28040466308593,-0.018270851090189666,167.77313232421875
2024-05-01,167.77313232421875,171.1523820898212,167.58484346320657,168.05060587060277,50383100,167.0913284301758,171.03741607666015,-0.006047058268373373,171.469482421875
2024-05-02,171.469482421875,171.8559644998941,169.34878317714927,170.95416794412498,94214900,167.68492584228517,170.85329162597657,0.022031835768036467,181.7261505126953
2024-05-03,181.7261505126953,185.313497878847,181.01264278710423,184.9666483851495,163224100,169.5063507080078,170.83367004394532,0.05981628885765988,180.0712127685547
2024-05-06,180.0712127685547,182.53874644704828,178.79283846563771,180.70544017490002,78569700,171.07904205322265,170.81761596679686,-0.00910676718497383,180.75497436523438
2024-05-07,180.75497436523438,183.23242749590466,179.68472791941784,181.79550770435065,77305800,172.6150634765625,170.84219207763672,0.0037971732747672515,181.09193420410156
2024-05-08,181.09193420410156,181.4189598584749,179.813559816899,181.20094275555934,45057100,173.97469024658204,170.84437225341796,0.0018641801701475558,182.90541076660156
2024-05-09,182.90541076660156,182.99459544718977,180.4675903156434,180.91352883975787,48983000,175.42945098876953,170.90680389404298,0.010014121117377428,181.6451873779297
2024-05-10,181.6451873779297,183.66952475313605,180.73224972701814,183.48098048383198,50759500,176.81665649414063,170.95731079101563,-0.006890027929682185,184.85035705566406
2024-05-13,184.85035705566406,185.6640710757596,183.2030934113359,184.01680743143146,72044800,178.10816802978516,171.09352416992186,0.01764522211681685,185.9915313720703
2024-05-14,185.9915313720703,186.8548647149755,184.8602810891409,186.07091921634225,52393600,179.82793731689452,171.3429382324219,0.00617350344669676,188.26397705078125
2024-05-15,188.26397705078125,189.18683240943687,185.9320062923224,186.46787049037354,70400000,181.87702178955078,171.73650360107422,0.012218006174512297,188.383056640625
2024-05-16,188.383056640625,189.6333963773736,188.20444533062346,189.0082265089993,52845200,183.5683792114258,172.15226989746094,0.0006325139397838075,188.41281127929688
2024-05-17,188.41281127929688,189.34559954047234,187.72810435814964,188.0555735439889,41282900,184.23704528808594,172.57100952148437,0.00015794753096409764,189.57383728027344
2024-05-20,189.57383728027344,190.44708847543168,187.55941793463836,187.8769693298537,44361300,185.18730773925782,172.978681640625,0.006162139363524943,190.87376403808594
2024-05-21,190.87376403808594,191.25083732912466,189.4547310855792,189.62342455766938,42309400,186.19918670654297,173.37231658935548,0.00685709999049422,189.43490600585938
2024-05-22,189.43490600585938,191.3401840301744,188.8097513226368,190.79440205142186,34648500,187.03348388671876,173.7276611328125,-0.007538270330014862,185.4457550048828
2024-05-23,185.4457550048828,189.5341303535584,185.1976736824305,189.5142796080912,51005900,187.2875183105469,174.0448440551758,-0.021058162326499485,188.52195739746094
2024-05-24,188.52195739746094,189.11735863774422,186.59684388111853,187.37087155015982,36327000,187.9751953125,174.3864880371094,0.016588152112174903,188.5319061279297
2024-05-28,188.5319061279297,191.51880009814326,187.64873713728954,190.04022981736387,52280100,188.34335021972657,174.7358627319336,5.277226380462352e-05,188.82958984375
2024-05-29,188.82958984375,190.7745542503335,188.05557725890648,188.15481585355153,53068000,188.62715606689454,175.06938934326172,0.0015789566972197466,189.8218994140625
2024-05-30,189.8218994140625,190.70506832278696,189.16697622567534,189.29596821795033,49889100,188.78294830322267,175.37598815917968,0.005255053358605544,190.77455139160156
2024-05-31,190.77455139160156,191.09210277636024,188.45251367186646,189.9707702687458,75158300,189.0220977783203,175.65030670166016,0.005018662127392437,192.54086303710938
2024-06-03,192.54086303710938,193.4935019196136,191.04245739181434,191.41953068261944,50080500,189.43490295410157,176.10463500976562,0.009258633463548938,192.85841369628906
2024-06-04,192.85841369628906,193.82097037667646,191.54853713018946,193.14618134943933,47471400,189.76336059570312,176.5472784423828,0.001649263715611804,194.3667449951172
2024-06-05,194.3667449951172,195.38883880770499,193.37441972917316,193.90035090878894,54156800,190.11265869140624,177.04843048095702,0.007820925568761572,192.98741149902344
2024-06-06,192.98741149902344,194.99191275531385,192.67979309240934,194.1881317208236,41181800,190.46790924072266,177.54458984375,-0.007096550884403641,195.3789520263672
2024-06-07,195.3789520263672,195.4285713258788,192.65005711175448,193.15613762673084,53103900,191.4612289428711,178.0172299194336,0.012392209982856173,191.6378631591797
2024-06-10,191.6378631591797,195.7857909182053,190.6753063763642,195.3888517006261,97010200,191.77281951904297,178.451318359375,-0.01914786023973869,205.5601806640625
2024-06-11,205.5601806640625,205.57011360777915,192.14395345618084,192.16378906024917,172373300,193.47564697265625,179.1925912475586,0.07264909593214641,211.4347686767578
2024-06-12,211.4347686767578,218.51003809526938,205.3121079690946,205.77850209290926,198134300,195.73616485595704,180.07494110107422,0.028578433788671642,212.5957794189453
2024-06-13,212.5957794189453,215.08651049080893,209.97604121171418,213.09194207290335,97862700,198.0135528564453,180.9644577026367,0.005491106072353036,210.85922241210938
2024-06-14,210.85922241210938,213.5186471242216,209.67835280423736,212.20878551515116,70122700,200.0220199584961,181.83569305419923,-0.008168351279513653,215.00714111328125
2024-06-17,215.00714111328125,217.26964179829142,211.08745883873982,211.7324642876032,93728300,202.26864776611328,182.7748239135742,0.01967150714928212,212.6453857421875
2024-06-18,212.6453857421875,216.95208913019513,211.36529274424583,215.9200623200828,79943300,204.24734497070312,183.68911560058595,-0.01098454385684522,208.07077026367188
2024-06-20,208.07077026367188,212.59578653831548,207.24715355520107,212.28815296354617,86172500,205.61774749755858,184.48773529052735,-0.021512883820869355,205.89759826660156
2024-06-21,205.89759826660156,210.26382387597764,205.5205097773767,208.77533580800622,241805100,206.9087661743164,185.28035034179686,-0.010444388677546712,206.5426025390625
2024-06-24,206.5426025390625,211.06760381745957,205.00449518251241,206.12582769938734,80727000,208.02513122558594,185.9419760131836,0.003132645926378297,207.4654998779297
2024-06-25,207.4654998779297,209.75776936385003,207.00902348487315,207.54487259337077,55549700,209.60789489746094,186.5921307373047,0.004468314660132311,211.61337280273438
2024-06-26,211.61337280273438,213.21101716086312,209.02340313251779,209.87680350658064,66213200,210.2132141113281,187.40174743652344,0.019993073196484357,212.4568634033203
2024-06-27,212.4568634033203,214.0842763709762,210.7202940415425,213.04233172557286,49772700,210.31542358398437,188.2938360595703,0.003985998566226057,209.00355529785156
2024-06-28,209.00355529785156,214.41174043740799,208.68601906723538,214.1140398112984,82542700,209.956201171875,189.1442105102539,-0.016254161198422268,215.08653259277344
2024-07-01,215.08653259277344,215.84069445328046,210.29359904602236,210.46229254870087,60402900,210.3789321899414,190.13527099609374,0.029104659421955725,218.5795135498047
2024-07-02,218.5795135498047,218.6886699462021,213.44919320249295,214.4911227279333,58046200,210.73616943359374,191.23662322998047,0.016239886872157383,219.84967041015625
2024-07-03,219.84967041015625,219.84967041015625,217.34900644671097,218.3115631866412,37369800,211.45659790039062,192.34673065185547,0.00581096023009553,224.60292053222656
2024-07-05,224.60292053222656,224.71207692855523,219.94891212590596,219.94891212590596,60412400,213.10981292724608,193.53089385986328,0.021620455983411446,226.07156372070312
2024-07-08,226.07156372070312,226.1013322692385,221.53662969916704,225.34715532852172,59085900,215.12720947265626,194.70241180419922,0.0065388427941917016,226.92494201660156
2024-07-09,226.92494201660156,227.63941744293055,224.63267299949706,226.18069804264906,48076100,217.16544342041016,195.87375457763673,0.00377481485001252,231.19195556640625
2024-07-10,231.19195556640625,231.29119415797783,227.49058625437067,227.54020555015646,62627700,219.5380889892578,197.14213104248046,0.01880363397643836,225.82347106933594
2024-07-11,225.82347106933594,230.6064710416972,224.0372825383305,229.61414576243664,64710600,220.95909881591797,198.2198956298828,-0.02322089660913096,228.7706756591797
2024-07-12,228.7706756591797,230.8545649156238,226.92494993371525,227.16311346469493,53046500,222.5904800415039,199.41943237304687,0.013050922368201823,232.60105895996094
2024-07-15,232.60105895996094,235.409341553401,231.30111515749465,234.66509753137677,62631300,224.95023040771486,200.7159909057617,0.01674333167808495,233.01785278320312
2024-07-16,233.01785278320312,234.4567215545301,230.54695713829173,233.19646408342908,43234300,226.7433624267578,201.94695831298827,0.001791882741659867,227.12344360351562
2024-07-17,227.12344360351562,229.6836449661141,224.9006292447048,227.6890612108438,57345900,227.5977554321289,202.8549041748047,-0.025295955263872405,222.45948791503906
2024-07-18,222.45948791503906,228.67145424701283,220.56415801938329,228.51267855827928,66034600,227.85873718261718,203.70266967773438,-0.020534893335882654,222.5885009765625
2024-07-19,222.5885009765625,225.0593965950336,221.56640705838353,223.09459660515446,49151500,227.65729522705078,204.53934020996093,0.0005799395779095828,222.2412109375
2024-07-22,222.2412109375,226.03188622300922,221.3778775132773,225.26779139889447,48201800,227.27425994873047,205.36232574462892,-0.0015602335140352253,223.28314208984375
2024-07-23,223.28314208984375,225.19833806517673,220.9710219946754,222.6480544130964,39960300,226.9100799560547,206.16988037109374,0.004688289574865445,216.86276245117188
2024-07-24,216.86276245117188,223.07472846403482,215.4635952984219,222.2808652028311,61777600,225.47716064453124,206.8742318725586,-0.028754430713306967,215.82086181640625
2024-07-25,215.82086181640625,219.15507584516317,212.97287755450526,217.24979770728694,51391200,224.47689971923828,207.49364196777344,-0.004804423880749087,216.28724670410156
2024-07-26,216.28724670410156,217.80550332568987,214.35220009781358,217.02155779536062,41601300,223.22855682373046,208.09955627441406,0.002160981490714642,216.5651092529297
2024-07-29,216.5651092529297,217.61697179557376,214.0942134588753,215.29493390237633,36311800,221.62496185302734,208.66557891845704,0.00128469224636385,217.1208038330078
2024-07-30,217.1208038330078,218.63906050664175,214.4613638470993,217.50781013919521,41643800,220.0352569580078,209.24033386230468,0.0025659469431389414,220.3756103515625
2024-07-31,220.3756103515625,222.10226187087767,218.93674165630796,219.7405227481965,50036300,219.3604736328125,209.87958984375,0.014990763027286969,216.6841583251953
2024-08-01,216.6841583251953,222.7571844619209,215.35444602521784,222.64802807062824,62501000,218.78294067382814,210.42179626464844,-0.01675072854241111,218.1726531982422
2024-08-02,218.1726531982422,223.86860618805187,216.0391597412521,217.46809553371503,105568600,218.3413558959961,210.96777404785155,0.006869421763694206,207.66390991210938
2024-08-05,207.66390991210938,211.8614414921662,194.4957495665788,197.56203096400748,119548600,216.88362579345704,211.33235412597656,-0.04816709671025576,205.63958740234375
2024-08-06,205.63958740234375,208.37841518370308,199.52687447574846,203.72440665766518,69660500,215.11927032470703,211.73623077392577,-0.009748070864226688,208.20973205566406
2024-08-07,208.20973205566406,212.0004073803907,204.8060479069825,205.31212843272615,63516400,214.25396728515625,212.12998626708983,0.012498297072983888,211.6729278564453
2024-08-08,211.6729278564453,212.55609685346144,207.22731432081122,211.4744658055274,47161100,213.83917388916015,212.59280670166015,0.016633208095457208,214.5804443359375
2024-08-09,214.5804443359375,215.11629337558463,210.3432107490655,210.47221789303094,42201600,213.66849365234376,213.1078237915039,0.013735892014797635,216.1103973388672
2024-08-12,216.1103973388672,218.07747160820446,214.1929998012183,214.65993379251097,38028100,213.6230224609375,213.63359375,0.007129974064805644,219.82598876953125
2024-08-13,219.82598876953125,220.44193777769505,217.58072790378117,217.58072790378117,44155300,213.89354095458984,214.2146224975586,0.017193024844787574,220.27305603027344
2024-08-14,220.27305603027344,221.57450454206742,218.2662343099079,219.13056699635618,41960600,213.88328552246094,214.76926635742188,0.002033732513815334,223.25344848632812
2024-08-15,223.25344848632812,223.87934187315213,221.30623303799138,223.1342364732981,46414000,214.54021453857422,215.37716705322265,0.013530444938508746,224.57479858398438
2024-08-16,224.57479858398438,225.34970708383625,222.19045191126241,222.45869413327577,44340200,215.18042907714843,215.981328125,0.005918610021995452,224.41583251953125
2024-08-19,224.41583251953125,224.51518597934856,221.58442566604344,224.2469437652095,40687800,216.85562133789062,216.60989654541015,-0.0007078535323440382,225.0317840576172
2024-08-20,225.0317840576172,225.68748051768907,223.97870407222223,224.29662301984854,30299000,218.79484100341796,217.20295318603516,0.0027446884258146564,224.92250061035156
2024-08-21,224.92250061035156,226.4921913011218,223.58131984717622,225.04172779494317,34765500,220.46611785888672,217.8686459350586,-0.00048563560797987293,223.06471252441406
2024-08-22,223.06471252441406,226.84984597984075,222.43881906323927,226.30343225653021,43695300,221.60529632568358,218.2187365722656,-0.008259680916298695,225.35963439941406
2024-08-23,225.35963439941406,226.73063334528243,222.866020162344,224.187342377279,38677300,222.68321533203124,218.49723388671876,0.010288143960685003,225.69740295410156
2024-08-26,225.69740295410156,225.79675641202357,222.4288803537143,225.28014571740593,30602200,223.64191589355468,218.75926635742186,0.001498797935076679,226.5418701171875
2024-08-27,226.5418701171875,227.35652605602343,223.4223624308928,224.52511915345738,35934600,224.31350402832032,219.07291931152344,0.003741590076061563,225.01193237304688
2024-08-28,225.01193237304688,228.35993491185639,224.20720569696516,226.43259292076607,38052200,224.78739166259766,219.27301513671875,-0.00675344360558694,228.29039001464844
2024-08-29,228.29039001464844,231.3999685703833,227.38634017099784,228.59837969678284,51906300,225.29108581542968,219.58591522216796,0.014570150156153483,227.5055389404297
2024-08-30,227.5055389404297,228.89639643358683,225.99545426270925,228.68777538921813,52990800,225.58415985107422,219.97461059570313,-0.0034379505601106475,221.31619262695312
2024-09-03,221.31619262695312,227.50553099413642,219.7266282681139,227.05847075546578,50190600,225.2741958618164,220.28298248291014,-0.027205255495327485,219.40872192382812
2024-09-04,219.40872192382812,220.33264539565292,216.06070449558098,220.2134333758585,43840200,224.7118896484375,220.54030487060547,-0.008618757988215542,220.92874145507812
2024-09-05,220.92874145507812,224.00850159902006,220.07435325324454,220.1836359939166,36615400,224.31251373291016,220.80956970214845,0.006927799031515747,219.37892150878906
2024-09-06,219.37892150878906,223.7700744804958,218.33577084564575,222.4884846157397,48423000,223.94393463134764,220.96488067626953,-0.007015021839538171,219.46835327148438
2024-09-09,219.46835327148438,219.82600453136772,215.29576534565257,219.37894424631622,67180000,223.35480651855468,221.1051104736328,0.00040765886749838387,218.67352294921875
2024-09-10,218.67352294921875,220.03457723056852,215.31557658939573,217.49128667890437,51591000,222.6524185180664,221.29850982666017,-0.0036216170141050164,221.20692443847656
2024-09-11,221.20692443847656,221.63411098197892,216.4680492147489,220.01475867053273,44587100,222.11892395019532,221.42091766357422,0.011585314285379456,221.31619262695312
2024-09-12,221.31619262695312,222.09110108310472,218.38544755210194,221.04795042006705,37455600,221.74934997558594,221.47565124511718,0.000493963689219612,221.04795837402344
2024-09-13,221.04795837402344,222.57790161811045,220.46181236980377,222.12091208096655,36766600,221.02510681152344,221.49961700439454,-0.0012119956056799719,214.90829467773438
2024-09-16,214.90829467773438,215.80241517960704,212.52394807405793,215.126845002842,59357400,219.7653823852539,221.3057244873047,-0.02777525629031352,215.37521362304688
2024-09-17,215.37521362304688,215.48449636527135,213.10016491936787,214.34200737227792,45519300,219.1712844848633,221.09179748535155,0.0021726427358825795,219.24977111816406
2024-09-18,219.24977111816406,221.25659276615585,216.12031904206836,216.13026348358338,59894900,219.15538940429687,220.9382940673828,0.017989802215117034,227.3763885498047
2024-09-19,227.3763885498047,228.32020097310811,223.16406850984052,223.52171975466862,66781300,219.80015411376954,220.8619827270508,0.03706556859875043,226.71075439453125
2024-09-20,226.71075439453125,231.56884144729943,226.1345376792504,228.46920754640476,318679900,220.53333740234376,220.8797283935547,-0.0029274550427984547,224.99203491210938
2024-09-23,224.99203491210938,227.95258288382507,224.336338501163,225.8563523524968,54146000,221.08570556640626,220.8041555786133,-0.007581111390202899,225.8861846923828
2024-09-24,225.8861846923828,227.8532741806864,224.2568878942957,227.15783023434298,43556100,221.80697174072264,220.66985809326172,0.00397413970953564,224.89268493652344
2024-09-25,224.89268493652344,225.80667911779153,222.5580303354434,223.46208007568333,42308700,222.17554779052733,220.50735473632812,-0.004398231601513647,226.0352020263672
2024-09-26,226.0352020263672,227.00880227293717,223.9389713421174,225.81663654010723,36636700,222.64744873046874,220.48558990478514,0.005080276800315753,226.30340576171875
2024-09-27,226.30340576171875,228.0221264682928,225.81661326820586,226.96904659349977,34026000,223.1729934692383,220.56246826171875,0.0011865573722462663,231.47943115234375
2024-09-30,231.47943115234375,231.47943115234375,228.1512873446241,228.5387415800987,54541900,224.83010711669922,220.74028686523437,0.02287206139564235,224.7337646484375
2024-10-01,224.7337646484375,228.15130254219565,222.27988260723768,228.02216122790813,63285000,225.76596221923828,220.79013793945313,-0.029141537415765972,225.3000030517578
2024-10-02,225.3000030517578,225.8861489969152,221.56454675744345,224.41581191372453,32880600,226.37098541259766,220.8304751586914,0.0025195964843383045,224.19728088378906
2024-10-03,224.19728088378906,225.32984066329956,221.86262602596847,223.67074086449446,34044200,226.0530746459961,220.97716552734374,-0.004894461398277983,225.31991577148438
2024-10-04,225.31991577148438,226.5120815901165,222.66734189828435,226.41272812222596,37245100,225.91399078369142,221.1671466064453,0.005007352824574207,220.2432403564453
2024-10-07,220.2432403564453,224.21713611955545,219.885589131397,223.0348997045567,39505400,225.439111328125,221.2462664794922,-0.02253096623818973,224.29661560058594
2024-10-08,224.29661560058594,224.5052366387564,221.79305702807565,222.83620769655573,31855700,225.2801544189453,221.40089660644531,0.018404084672839716,228.0420379638672
2024-10-09,228.0420379638672,228.2506741946641,223.36278344777278,223.76016702360002,33591100,225.5950897216797,221.6193212890625,0.01669852375280989,227.54525756835938
2024-10-10,227.54525756835938,228.00226223679437,225.68746620848788,226.2934858996686,28183500,225.7460952758789,221.76271423339844,-0.0021784597258621696,226.0650177001953
2024-10-11,226.0650177001953,227.91287999534921,225.8563814846346,227.80359724609562,31759200,225.72225646972657,221.95033142089844,-0.006505254752318335,229.79054260253906
2024-10-14,229.79054260253906,230.21772915238438,227.1081657950345,227.2075041009655,39882100,225.5533676147461,222.18268920898439,0.016479882381822186,232.32388305664062
2024-10-15,232.32388305664062,235.9401275315396,230.853530735341,232.08544385770335,64751400,226.3123794555664,222.675888671875,0.01102456361088544,230.2673797607422
2024-10-16,230.2673797607422,230.60515724916505,228.34003796565733,230.0885617348273,34082200,226.80911712646486,223.16844451904296,-0.008851880697074321,230.63499450683594
2024-10-17,230.63499450683594,232.32391251820164,229.0156421145612,231.9066400773438,32993800,227.45288848876953,223.6169497680664,0.0015964690546950155,233.46636962890625
2024-10-18,233.46636962890625,234.6386615701971,232.4828249974097,234.6386615701971,46431500,228.2675338745117,224.05281860351562,0.012276433279887256,234.93670654296875
2024-10-21,234.93670654296875,235.3043021987925,232.91995571367772,232.91995571367772,36254500,229.73688049316405,224.45994384765626,0.006297853161462141,234.32077026367188
2024-10-22,234.32077026367188,234.67842149785605,231.0820505913223,232.36362533760988,38846600,230.73929595947266,224.82415130615234,-0.002621711559509854,229.25404357910156
2024-10-23,229.25404357910156,233.60546433739609,226.27362172475395,232.55238437433343,52287000,230.8604965209961,225.01271240234374,-0.02162303699697188,229.0653076171875
2024-10-24,229.0653076171875,229.3136761173618,226.91940013747097,228.47914643577636,31109500,231.01250152587892,225.18855743408204,-0.0008232612126159999,229.8998260498047
2024-10-25,229.8998260498047,231.69801159617745,228.07183749564092,228.24072625952675,38802300,231.39598236083984,225.32148498535156,0.0036431463205761627,231.8768310546875
2024-10-28,231.8768310546875,233.1981533252385,231.03238723011694,231.79736647290133,36087100,231.6046112060547,225.46752563476562,0.00859941931602215,232.1450653076172
2024-10-29,232.1450653076172,232.80076177889833,230.80388451731673,231.5787930163908,35417200,231.58672943115235,225.62211029052733,0.0011567962685603561,228.59835815429688
2024-10-30,228.59835815429688,231.94636045913163,228.05194445904854,231.09197226998216,47070900,231.41982727050782,225.69344177246094,-0.015277977796428921,224.43569946289062
2024-10-31,224.43569946289062,228.330115454563,223.89921505082026,227.84330777090054,64370100,230.79989776611328,225.68370574951172,-0.018209486389209273,221.45529174804688
2024-11-01,221.45529174804688,223.87937072005496,218.83252100898451,219.52794977327943,65276700,229.59878997802736,225.65151733398437,-0.01327956168281752,220.56114196777344
2024-11-04,220.56114196777344,221.33605042122997,218.2761640538016,219.54780947276666,44944500,228.1612335205078,225.55554748535155,-0.0040376085539231,221.9917449951172
2024-11-05,221.9917449951172,222.4884819564664,219.6968226591573,220.35251908634842,28111300,226.92833099365234,225.48143432617186,0.00648619704531983,221.26651000976562
2024-11-06,221.26651000976562,224.59465366535846,219.7464961432124,221.15722727351368,54561100,226.12957763671875,225.37592712402343,-0.003266945738759408,225.99545288085938
2024-11-07,225.99545288085938,226.39285156162418,223.10445516924474,223.16406118155706,42137700,225.82259216308594,225.3955975341797,0.021372158266901975,225.7269287109375
2024-11-08,225.7269287109375,227.4176895436531,225.17991383614745,225.9357792784742,38328800,225.40530242919922,225.34432830810547,-0.0011881839501586278,223.01174926757812
2024-11-11,223.01174926757812,224.47376393957063,220.29658566640109,223.77757009002366,42005600,224.51879425048827,225.25445251464845,-0.012028602253461695,223.01174926757812
2024-11-12,223.01174926757812,224.36436096493557,222.14648085284745,223.33001798502116,40398300,223.60546264648437,225.28836364746093,0.0,223.8969268798828
2024-11-13,223.8969268798828,225.41861323491412,221.54974806168275,222.79295685996902,48566200,223.13531951904298,225.37812774658204,0.003969197206926678,226.98007202148438
2024-11-14,226.98007202148438,227.62653447284012,223.77756520755418,223.7974607959322,44923900,223.38975677490234,225.49915435791016,0.013770377220298391,223.7775421142578
2024-11-15,223.7775421142578,225.68710865252652,223.05151256020181,225.1699296392811,47923700,223.62198181152343,225.58712677001952,-0.014109299898906635,226.78115844726562
2024-11-18,226.78115844726562,228.49181480220403,223.94663659117114,224.02620376766677,44633700,224.24398345947264,225.73338287353516,0.013422331412837663,227.0397491455078
2024-11-19,227.0397491455078,228.90953992555222,225.4285554930197,225.74680903538962,36211800,224.74878387451173,225.90070739746093,0.0011402653554322129,227.75582885742188
2024-11-20,227.75582885742188,228.68076882556113,224.66272507245372,226.82093350733243,35169600,225.39771575927733,226.03168548583983,0.003153983893168899,227.2784423828125
2024-11-21,227.2784423828125,228.9095315645878,224.48371169719937,227.63648708983084,42108300,225.52601470947266,226.15093048095704,-0.0020960450364948535,228.62110900878906
2024-11-22,228.62110900878906,229.46649702017746,226.82094518602503,226.82094518602503,38168300,225.8154327392578,226.30239349365235,0.005907584599313065,231.60479736328125
2024-11-25,231.60479736328125,231.982737654973,228.4918131754458,230.2024695182051,90152800,226.67473754882812,226.63632354736328,0.013050799934565482,233.7829132080078
2024-11-26,233.7829132080078,234.29015208323423,232.06231657216094,232.06231657216094,45986200,227.7518539428711,227.0044775390625,0.009404450467017211,233.6536407470703
2024-11-27,233.6536407470703,234.40952145314378,232.539730455033,233.19614838107907,33498400,228.72752532958984,227.29255493164064,-0.000552959406500686,236.04058837890625
2024-11-29,236.04058837890625,236.51797629056327,232.698842645531,233.5342752849028,28481400,229.63357696533203,227.46583892822267,0.010215751931808459,238.2882843017578
2024-12-02,238.2882843017578,239.4817615684827,235.8714939748314,235.98089694287458,48137100,231.08465118408202,227.69738952636717,0.009522497542852282,241.33168029785156
2024-12-03,241.33168029785156,241.441083276618,237.60205398884364,238.50711361537608,38861000,232.53970336914062,228.02418243408204,0.012771907796523152,241.68972778320312
2024-12-04,241.68972778320312,242.78375758332757,239.9392952788925,241.55048900644988,44383900,234.00470123291015,228.34025329589844,0.001483632339151164,241.7195587158203
2024-12-05,241.7195587158203,243.21140922639395,240.81451427308068,242.6644095132275,40033900,235.40107421875,228.67679077148438,0.0001234265638461185,241.52064514160156
2024-12-06,241.52064514160156,243.3009285590703,240.76477968960373,241.5902721155965,36870600,236.8252944946289,228.98649963378907,-0.0008229105467324471,245.40940856933594
2024-12-09,245.40940856933594,245.89675186527563,240.43657354260168,240.516140724136,44649200,238.5041244506836,229.3686196899414,0.01610116363118541,246.42385864257812
2024-12-10,246.42385864257812,246.86147053083658,244.00705305092782,245.54863486606115,36914800,239.98603057861328,229.6675082397461,0.0041337048940224275,245.15081787109375
2024-12-11,245.15081787109375,249.43739908317045,244.92205654138039,246.61283253090062,45205800,241.12282104492186,230.0758493041992,-0.005166061348511053,246.6128387451172
2024-12-12,246.6128387451172,247.3885997871069,244.34521203481492,245.54864477609476,32777500,242.41874084472656,230.5021060180664,0.005963760948136887,246.78192138671875
2024-12-13,246.78192138671875,247.9356076049288,244.9021903118032,246.4736080363398,33155300,243.4928741455078,230.953798828125,0.0006856197854983037,249.67608642578125
2024-12-16,249.67608642578125,250.01425073054844,246.3045049916291,246.6426692963963,51694800,244.63165435791015,231.44092224121093,0.011727621791740583,252.1028289794922
2024-12-17,252.1028289794922,252.45093348613432,248.42293425963442,248.72130738305802,51356400,245.70876922607422,232.07811401367186,0.009719563408938203,246.70233154296875
2024-12-18,246.70233154296875,252.89847930582897,246.39401822090946,250.79000225751088,56774100,246.21002960205078,232.52622833251954,-0.021421804183572868,248.43289184570312
2024-12-19,248.43289184570312,250.63089166027345,245.74756389880645,246.15534002348284,60882300,246.88136291503906,232.93404541015624,0.0070147707640653145,253.10736083984375
2024-12-20,253.10736083984375,253.6145845456153,244.35516822034685,246.69239156062656,147495300,248.04003448486327,233.44528747558593,0.018815821686944068,253.88311767578125
2024-12-23,253.88311767578125,254.26104280923545,252.07299848460428,253.38583418491564,40858800,248.8874053955078,234.00164947509765,0.0030649319457300983,256.79718017578125
2024-12-24,256.79718017578125,256.80710520536127,253.90297174117552,254.10189725758943,23234700,249.92473754882812,234.5417822265625,0.011477968786098636,257.6127014160156
2024-12-26,257.6127014160156,258.6868506395932,256.2302692406472,256.7872242633273,27237100,251.17092590332032,235.04755859375,0.0031757406357662,254.2013702392578
2024-12-27,254.2013702392578,257.29448932345014,251.68511699924173,256.42919055718573,42355300,251.92977905273438,235.52623840332032,-0.013242092326996358,250.8297882080078
2024-12-30,250.8297882080078,252.1227283114492,249.38766912858338,250.85962400320443,35557500,252.33456573486328,235.93013427734374,-0.013263429807937821,249.05947875976562
